Workbook

Sheet Sheet1
A1: ลำดับ | B1: ทะเบียนรถ | C1: จังหวัด | D1: ยี่ห้อ | E1: รุ่น | F1: สีรถ | G1: วันที่ย้ายรถ | H1: ประเภทรายการ | I1: ลานต้นทาง | J1: ลานปลายทาง | K1: RMO | L1: CMO | M1: สถานะการอนุมัติ(GP) | N1: ชื่อผู้อนุมัติ(GP) | O1: สรุปสถานะอนุมัติ(GP) | P1: ประเภทกรมธรรม์ | Q1: ทุนประกัน | R1: ประมาณการความเสียหาย | S1: มูลค่าซาก(ราคาขาย) | T1: สถานะการขายซากรถยนต์ | U1: วันที่ขาย | V1: วันที่โอนเงิน | W1: วันที่รับเงิน | X1: จำนวนเงินที่ได้รับ | Y1: ชื่อผู้ซื้อซากรถยนต์ | Z1: จ่ายค่าสินไหมจำนวน | AA1: วันที่จ่ายค่าสินไหม | AB1: ชื่อผู้รับเงิน | AC1: หมายเหตุ
A2: 1 | B2: กพ-5389 | C2: สุราษฎร์ธานี | D2: HONDA | E2: CIVIC | H2: ซ่อม | K2: 501-25-71-RMO-01709 | L2: 501-25-71-CMO-01689 | M2: =_xlfn.XLOOKUP(K2,'[1]All เคลมน้ำท่วมรถยนต์'!$C:$C,'[1]All เคลมน้ำท่วมรถยนต์'!$DC:$DC,"") -> เข้าซ่อม | O2: =_xlfn.XLOOKUP(K2,'[1]All เคลมน้ำท่วมรถยนต์'!$C:$C,'[1]All เคลมน้ำท่วมรถยนต์'!$DD:$DD,"") -> เข้าซ่อม | P2: =_xlfn.XLOOKUP(K2,'[1]All เคลมน้ำท่วมรถยนต์'!$C:$C,'[1]All เคลมน้ำท่วมรถยนต์'!$CA:$CA,"") -> ประเภท1 | Q2: =_xlfn.XLOOKUP(K2,'[1]All เคลมน้ำท่วมรถยนต์'!$C:$C,'[1]All เคลมน้ำท่วมรถยนต์'!$BX:$BX,"") -> 200000 | R2: =_xlfn.XLOOKUP(K2,'[1]All เคลมน้ำท่วมรถยนต์'!$C:$C,'[1]All เคลมน้ำท่วมรถยนต์'!$CB:$CB,"") -> 50000 | S2: =_xlfn.XLOOKUP(L2,[2]รายการรถยนต์!$H:$H,[2]รายการรถยนต์!$J:$J,"") | Z2: =_xlfn.XLOOKUP(K2,'[1]All เคลมน้ำท่วมรถยนต์'!$C:$C,'[1]All เคลมน้ำท่วมรถยนต์'!$CS:$CS,"") -> 0 | AA2: =_xlfn.XLOOKUP(K2,'[1]All เคลมน้ำท่วมรถยนต์'!$C:$C,'[1]All เคลมน้ำท่วมรถยนต์'!$CT:$CT,"") | AB2: =_xlfn.XLOOKUP(K2,'[1]All เคลมน้ำท่วมรถยนต์'!$C:$C,'[1]All เคลมน้ำท่วมรถยนต์'!$CV:$CV,"") -> 0
A3: 2 | B3: ขต-7757 | H3: ซ่อม | K3: 501-25-71-RMO-01712 | L3: 501-25-71-CMO-01691 | M3: =_xlfn.XLOOKUP(K3,'[1]All เคลมน้ำท่วมรถยนต์'!$C:$C,'[1]All เคลมน้ำท่วมรถยนต์'!$DC:$DC,"") -> เข้าซ่อม | O3: =_xlfn.XLOOKUP(K3,'[1]All เคลมน้ำท่วมรถยนต์'!$C:$C,'[1]All เคลมน้ำท่วมรถยนต์'!$DD:$DD,"") -> เข้าซ่อม | P3: =_xlfn.XLOOKUP(K3,'[1]All เคลมน้ำท่วมรถยนต์'!$C:$C,'[1]All เคลมน้ำท่วมรถยนต์'!$CA:$CA,"") -> ประเภท1 | Q3: =_xlfn.XLOOKUP(K3,'[1]All เคลมน้ำท่วมรถยนต์'!$C:$C,'[1]All เคลมน้ำท่วมรถยนต์'!$BX:$BX,"") -> 1200000 | R3: =_xlfn.XLOOKUP(K3,'[1]All เคลมน้ำท่วมรถยนต์'!$C:$C,'[1]All เคลมน้ำท่วมรถยนต์'!$CB:$CB,"") -> 500000 | S3: =_xlfn.XLOOKUP(L3,[2]รายการรถยนต์!$H:$H,[2]รายการรถยนต์!$J:$J,"") | Z3: =_xlfn.XLOOKUP(K3,'[1]All เคลมน้ำท่วมรถยนต์'!$C:$C,'[1]All เคลมน้ำท่วมรถยนต์'!$CS:$CS,"") -> 0 | AA3: =_xlfn.XLOOKUP(K3,'[1]All เคลมน้ำท่วมรถยนต์'!$C:$C,'[1]All เคลมน้ำท่วมรถยนต์'!$CT:$CT,"") | AB3: =_xlfn.XLOOKUP(K3,'[1]All เคลมน้ำท่วมรถยนต์'!$C:$C,'[1]All เคลมน้ำท่วมรถยนต์'!$CV:$CV,"") -> 0
A4: 3 | B4: 8กท-9338 | F4: ขาว | G4: 46002.435 | I4: ลาน7-ธรรมกาย | K4: 502-25-71-RMO-04031 | L4: 502-25-71-CMO-03975 | M4: =_xlfn.XLOOKUP(K4,'[1]All เคลมน้ำท่วมรถยนต์'!$C:$C,'[1]All เคลมน้ำท่วมรถยนต์'!$DC:$DC,"") -> อนุมัติคืนทุน | O4: =_xlfn.XLOOKUP(K4,'[1]All เคลมน้ำท่วมรถยนต์'!$C:$C,'[1]All เคลมน้ำท่วมรถยนต์'!$DD:$DD,"") -> จ่ายแล้ว/ ยกเลิก | P4: =_xlfn.XLOOKUP(K4,'[1]All เคลมน้ำท่วมรถยนต์'!$C:$C,'[1]All เคลมน้ำท่วมรถยนต์'!$CA:$CA,"") -> ประเภท1 | Q4: =_xlfn.XLOOKUP(K4,'[1]All เคลมน้ำท่วมรถยนต์'!$C:$C,'[1]All เคลมน้ำท่วมรถยนต์'!$BX:$BX,"") -> 810000 | R4: =_xlfn.XLOOKUP(K4,'[1]All เคลมน้ำท่วมรถยนต์'!$C:$C,'[1]All เคลมน้ำท่วมรถยนต์'!$CB:$CB,"") -> 300000 | S4: =_xlfn.XLOOKUP(L4,[2]รายการรถยนต์!$H:$H,[2]รายการรถยนต์!$J:$J,"") | Z4: =_xlfn.XLOOKUP(K4,'[1]All เคลมน้ำท่วมรถยนต์'!$C:$C,'[1]All เคลมน้ำท่วมรถยนต์'!$CS:$CS,"") -> 810000 | AA4: =_xlfn.XLOOKUP(K4,'[1]All เคลมน้ำท่วมรถยนต์'!$C:$C,'[1]All เคลมน้ำท่วมรถยนต์'!$CT:$CT,"") -> 46015 | AB4: =_xlfn.XLOOKUP(K4,'[1]All เคลมน้ำท่วมรถยนต์'!$C:$C,'[1]All เคลมน้ำท่วมรถยนต์'!$CV:$CV,"") -> คุณ นันท์นภัส ชูเมือง
A5: 4 | B5: งค-8342 | C5: สงขลา | D5: MAZDA | E5: 2 | K5: 502-25-71-RMO-04038 | L5: 502-25-71-CMO-03965 | M5: =_xlfn.XLOOKUP(K5,'[1]All เคลมน้ำท่วมรถยนต์'!$C:$C,'[1]All เคลมน้ำท่วมรถยนต์'!$DC:$DC,"") | O5: =_xlfn.XLOOKUP(K5,'[1]All เคลมน้ำท่วมรถยนต์'!$C:$C,'[1]All เคลมน้ำท่วมรถยนต์'!$DD:$DD,"") -> จ่ายแล้ว/ ยกเลิก | P5: =_xlfn.XLOOKUP(K5,'[1]All เคลมน้ำท่วมรถยนต์'!$C:$C,'[1]All เคลมน้ำท่วมรถยนต์'!$CA:$CA,"") -> ประเภท1 | Q5: =_xlfn.XLOOKUP(K5,'[1]All เคลมน้ำท่วมรถยนต์'!$C:$C,'[1]All เคลมน้ำท่วมรถยนต์'!$BX:$BX,"") -> 360000 | R5: =_xlfn.XLOOKUP(K5,'[1]All เคลมน้ำท่วมรถยนต์'!$C:$C,'[1]All เคลมน้ำท่วมรถยนต์'!$CB:$CB,"") -> 0 ยกเลิกเคลมไม่เสียหาย | S5: =_xlfn.XLOOKUP(L5,[2]รายการรถยนต์!$H:$H,[2]รายการรถยนต์!$J:$J,"") | Z5: =_xlfn.XLOOKUP(K5,'[1]All เคลมน้ำท่วมรถยนต์'!$C:$C,'[1]All เคลมน้ำท่วมรถยนต์'!$CS:$CS,"") -> 0 | AA5: =_xlfn.XLOOKUP(K5,'[1]All เคลมน้ำท่วมรถยนต์'!$C:$C,'[1]All เคลมน้ำท่วมรถยนต์'!$CT:$CT,"") | AB5: =_xlfn.XLOOKUP(K5,'[1]All เคลมน้ำท่วมรถยนต์'!$C:$C,'[1]All เคลมน้ำท่วมรถยนต์'!$CV:$CV,"") -> 0
A6: 5 | B6: 9กธ-1147 | H6: ซ่อม | K6: 502-25-71-RMO-04040 | L6: 502-25-71-CMO-03967 | M6: =_xlfn.XLOOKUP(K6,'[1]All เคลมน้ำท่วมรถยนต์'!$C:$C,'[1]All เคลมน้ำท่วมรถยนต์'!$DC:$DC,"") -> เข้าซ่อม | O6: =_xlfn.XLOOKUP(K6,'[1]All เคลมน้ำท่วมรถยนต์'!$C:$C,'[1]All เคลมน้ำท่วมรถยนต์'!$DD:$DD,"") -> เข้าซ่อม | P6: =_xlfn.XLOOKUP(K6,'[1]All เคลมน้ำท่วมรถยนต์'!$C:$C,'[1]All เคลมน้ำท่วมรถยนต์'!$CA:$CA,"") -> ประเภท1 | Q6: =_xlfn.XLOOKUP(K6,'[1]All เคลมน้ำท่วมรถยนต์'!$C:$C,'[1]All เคลมน้ำท่วมรถยนต์'!$BX:$BX,"") -> 590000 | R6: =_xlfn.XLOOKUP(K6,'[1]All เคลมน้ำท่วมรถยนต์'!$C:$C,'[1]All เคลมน้ำท่วมรถยนต์'!$CB:$CB,"") -> 10000 | S6: =_xlfn.XLOOKUP(L6,[2]รายการรถยนต์!$H:$H,[2]รายการรถยนต์!$J:$J,"") | Z6: =_xlfn.XLOOKUP(K6,'[1]All เคลมน้ำท่วมรถยนต์'!$C:$C,'[1]All เคลมน้ำท่วมรถยนต์'!$CS:$CS,"") -> 0 | AA6: =_xlfn.XLOOKUP(K6,'[1]All เคลมน้ำท่วมรถยนต์'!$C:$C,'[1]All เคลมน้ำท่วมรถยนต์'!$CT:$CT,"") | AB6: =_xlfn.XLOOKUP(K6,'[1]All เคลมน้ำท่วมรถยนต์'!$C:$C,'[1]All เคลมน้ำท่วมรถยนต์'!$CV:$CV,"") -> 0
A7: 6 | K7: 502-25-71-RMO-04041 | L7: 502-25-71-CMO-03968 | M7: =_xlfn.XLOOKUP(K7,'[1]All เคลมน้ำท่วมรถยนต์'!$C:$C,'[1]All เคลมน้ำท่วมรถยนต์'!$DC:$DC,"") -> เข้าซ่อม | O7: =_xlfn.XLOOKUP(K7,'[1]All เคลมน้ำท่วมรถยนต์'!$C:$C,'[1]All เคลมน้ำท่วมรถยนต์'!$DD:$DD,"") -> เข้าซ่อม | P7: =_xlfn.XLOOKUP(K7,'[1]All เคลมน้ำท่วมรถยนต์'!$C:$C,'[1]All เคลมน้ำท่วมรถยนต์'!$CA:$CA,"") -> ประเภท1 | Q7: =_xlfn.XLOOKUP(K7,'[1]All เคลมน้ำท่วมรถยนต์'!$C:$C,'[1]All เคลมน้ำท่วมรถยนต์'!$BX:$BX,"") -> 140000 | R7: =_xlfn.XLOOKUP(K7,'[1]All เคลมน้ำท่วมรถยนต์'!$C:$C,'[1]All เคลมน้ำท่วมรถยนต์'!$CB:$CB,"") -> 20000 | S7: =_xlfn.XLOOKUP(L7,[2]รายการรถยนต์!$H:$H,[2]รายการรถยนต์!$J:$J,"") | Z7: =_xlfn.XLOOKUP(K7,'[1]All เคลมน้ำท่วมรถยนต์'!$C:$C,'[1]All เคลมน้ำท่วมรถยนต์'!$CS:$CS,"") -> 0 | AA7: =_xlfn.XLOOKUP(K7,'[1]All เคลมน้ำท่วมรถยนต์'!$C:$C,'[1]All เคลมน้ำท่วมรถยนต์'!$CT:$CT,"") | AB7: =_xlfn.XLOOKUP(K7,'[1]All เคลมน้ำท่วมรถยนต์'!$C:$C,'[1]All เคลมน้ำท่วมรถยนต์'!$CV:$CV,"") -> 0
A8: 7 | B8: ขร-9016 | H8: ซ่อม | K8: 502-25-71-RMO-04043 | L8: 502-25-71-CMO-03969 | M8: =_xlfn.XLOOKUP(K8,'[1]All เคลมน้ำท่วมรถยนต์'!$C:$C,'[1]All เคลมน้ำท่วมรถยนต์'!$DC:$DC,"") -> เข้าซ่อม | O8: =_xlfn.XLOOKUP(K8,'[1]All เคลมน้ำท่วมรถยนต์'!$C:$C,'[1]All เคลมน้ำท่วมรถยนต์'!$DD:$DD,"") -> เข้าซ่อม | P8: =_xlfn.XLOOKUP(K8,'[1]All เคลมน้ำท่วมรถยนต์'!$C:$C,'[1]All เคลมน้ำท่วมรถยนต์'!$CA:$CA,"") -> ประเภท1 | Q8: =_xlfn.XLOOKUP(K8,'[1]All เคลมน้ำท่วมรถยนต์'!$C:$C,'[1]All เคลมน้ำท่วมรถยนต์'!$BX:$BX,"") -> 270000 | R8: =_xlfn.XLOOKUP(K8,'[1]All เคลมน้ำท่วมรถยนต์'!$C:$C,'[1]All เคลมน้ำท่วมรถยนต์'!$CB:$CB,"") -> 50000 | S8: =_xlfn.XLOOKUP(L8,[2]รายการรถยนต์!$H:$H,[2]รายการรถยนต์!$J:$J,"") | Z8: =_xlfn.XLOOKUP(K8,'[1]All เคลมน้ำท่วมรถยนต์'!$C:$C,'[1]All เคลมน้ำท่วมรถยนต์'!$CS:$CS,"") -> 0 | AA8: =_xlfn.XLOOKUP(K8,'[1]All เคลมน้ำท่วมรถยนต์'!$C:$C,'[1]All เคลมน้ำท่วมรถยนต์'!$CT:$CT,"") | AB8: =_xlfn.XLOOKUP(K8,'[1]All เคลมน้ำท่วมรถยนต์'!$C:$C,'[1]All เคลมน้ำท่วมรถยนต์'!$CV:$CV,"") -> 0
A9: 8 | B9: กม-2540 | C9: ภูเก็ต | D9: NISSAN | E9: MARCH | K9: 502-25-71-RMO-04044 | L9: 502-25-71-CMO-03991 | M9: =_xlfn.XLOOKUP(K9,'[1]All เคลมน้ำท่วมรถยนต์'!$C:$C,'[1]All เคลมน้ำท่วมรถยนต์'!$DC:$DC,"") -> อนุมัติคืนทุน | O9: =_xlfn.XLOOKUP(K9,'[1]All เคลมน้ำท่วมรถยนต์'!$C:$C,'[1]All เคลมน้ำท่วมรถยนต์'!$DD:$DD,"") -> จ่ายแล้ว/ ยกเลิก | P9: =_xlfn.XLOOKUP(K9,'[1]All เคลมน้ำท่วมรถยนต์'!$C:$C,'[1]All เคลมน้ำท่วมรถยนต์'!$CA:$CA,"") -> ประเภท1 | Q9: =_xlfn.XLOOKUP(K9,'[1]All เคลมน้ำท่วมรถยนต์'!$C:$C,'[1]All เคลมน้ำท่วมรถยนต์'!$BX:$BX,"") -> 140000 | R9: =_xlfn.XLOOKUP(K9,'[1]All เคลมน้ำท่วมรถยนต์'!$C:$C,'[1]All เคลมน้ำท่วมรถยนต์'!$CB:$CB,"") -> 140000 | S9: =_xlfn.XLOOKUP(L9,[2]รายการรถยนต์!$H:$H,[2]รายการรถยนต์!$J:$J,"") | Z9: =_xlfn.XLOOKUP(K9,'[1]All เคลมน้ำท่วมรถยนต์'!$C:$C,'[1]All เคลมน้ำท่วมรถยนต์'!$CS:$CS,"") -> 140000 | AA9: =_xlfn.XLOOKUP(K9,'[1]All เคลมน้ำท่วมรถยนต์'!$C:$C,'[1]All เคลมน้ำท่วมรถยนต์'!$CT:$CT,"") -> 46037 | AB9: =_xlfn.XLOOKUP(K9,'[1]All เคลมน้ำท่วมรถยนต์'!$C:$C,'[1]All เคลมน้ำท่วมรถยนต์'!$CV:$CV,"") -> นางสาว ปฏิมาพร พรหมรัตน์
A10: 9 | B10: 4ขห-5631 | K10: 502-25-71-RMO-04046 | L10: 502-25-71-CMO-03993 | M10: =_xlfn.XLOOKUP(K10,'[1]All เคลมน้ำท่วมรถยนต์'!$C:$C,'[1]All เคลมน้ำท่วมรถยนต์'!$DC:$DC,"") -> อนุมัติคืนทุน | O10: =_xlfn.XLOOKUP(K10,'[1]All เคลมน้ำท่วมรถยนต์'!$C:$C,'[1]All เคลมน้ำท่วมรถยนต์'!$DD:$DD,"") -> จ่ายแล้ว/ ยกเลิก | P10: =_xlfn.XLOOKUP(K10,'[1]All เคลมน้ำท่วมรถยนต์'!$C:$C,'[1]All เคลมน้ำท่วมรถยนต์'!$CA:$CA,"") -> ประเภท1 | Q10: =_xlfn.XLOOKUP(K10,'[1]All เคลมน้ำท่วมรถยนต์'!$C:$C,'[1]All เคลมน้ำท่วมรถยนต์'!$BX:$BX,"") -> 1200000 | R10: =_xlfn.XLOOKUP(K10,'[1]All เคลมน้ำท่วมรถยนต์'!$C:$C,'[1]All เคลมน้ำท่วมรถยนต์'!$CB:$CB,"") -> 1200000 | S10: =_xlfn.XLOOKUP(L10,[2]รายการรถยนต์!$H:$H,[2]รายการรถยนต์!$J:$J,"") | Z10: =_xlfn.XLOOKUP(K10,'[1]All เคลมน้ำท่วมรถยนต์'!$C:$C,'[1]All เคลมน้ำท่วมรถยนต์'!$CS:$CS,"") -> 1200000 | AA10: =_xlfn.XLOOKUP(K10,'[1]All เคลมน้ำท่วมรถยนต์'!$C:$C,'[1]All เคลมน้ำท่วมรถยนต์'!$CT:$CT,"") -> 46028 | AB10: =_xlfn.XLOOKUP(K10,'[1]All เคลมน้ำท่วมรถยนต์'!$C:$C,'[1]All เคลมน้ำท่วมรถยนต์'!$CV:$CV,"") -> ธนาคารกรุงศรีอยุธยา จำกัด (มหาชน)
A11: 10 | B11: 3ขผ-2609 | K11: 502-25-71-RMO-04047 | L11: 502-25-71-CMO-04008 | M11: =_xlfn.XLOOKUP(K11,'[1]All เคลมน้ำท่วมรถยนต์'!$C:$C,'[1]All เคลมน้ำท่วมรถยนต์'!$DC:$DC,"") -> อนุมัติคืนทุน | O11: =_xlfn.XLOOKUP(K11,'[1]All เคลมน้ำท่วมรถยนต์'!$C:$C,'[1]All เคลมน้ำท่วมรถยนต์'!$DD:$DD,"") -> จ่ายแล้ว/ ยกเลิก | P11: =_xlfn.XLOOKUP(K11,'[1]All เคลมน้ำท่วมรถยนต์'!$C:$C,'[1]All เคลมน้ำท่วมรถยนต์'!$CA:$CA,"") -> ประเภท1 | Q11: =_xlfn.XLOOKUP(K11,'[1]All เคลมน้ำท่วมรถยนต์'!$C:$C,'[1]All เคลมน้ำท่วมรถยนต์'!$BX:$BX,"") -> 1750000 | R11: =_xlfn.XLOOKUP(K11,'[1]All เคลมน้ำท่วมรถยนต์'!$C:$C,'[1]All เคลมน้ำท่วมรถยนต์'!$CB:$CB,"") -> 1750000 | S11: =_xlfn.XLOOKUP(L11,[2]รายการรถยนต์!$H:$H,[2]รายการรถยนต์!$J:$J,"") | Z11: =_xlfn.XLOOKUP(K11,'[1]All เคลมน้ำท่วมรถยนต์'!$C:$C,'[1]All เคลมน้ำท่วมรถยนต์'!$CS:$CS,"") -> 1750000 | AA11: =_xlfn.XLOOKUP(K11,'[1]All เคลมน้ำท่วมรถยนต์'!$C:$C,'[1]All เคลมน้ำท่วมรถยนต์'!$CT:$CT,"") -> 46042 | AB11: =_xlfn.XLOOKUP(K11,'[1]All เคลมน้ำท่วมรถยนต์'!$C:$C,'[1]All เคลมน้ำท่วมรถยนต์'!$CV:$CV,"") -> บริษัท ตะวันออกพาณิชย์ลีสซิ่ง จำกัด(มหาชน)
A12: 11 | B12: งค-5368 | C12: สงขลา | D12: NISSAN | E12: ALMERA 1.0 | K12: 502-25-71-RMO-04048 | L12: 502-25-71-CMO-04003 | M12: =_xlfn.XLOOKUP(K12,'[1]All เคลมน้ำท่วมรถยนต์'!$C:$C,'[1]All เคลมน้ำท่วมรถยนต์'!$DC:$DC,"") | O12: =_xlfn.XLOOKUP(K12,'[1]All เคลมน้ำท่วมรถยนต์'!$C:$C,'[1]All เคลมน้ำท่วมรถยนต์'!$DD:$DD,"") -> จ่ายแล้ว/ ยกเลิก | P12: =_xlfn.XLOOKUP(K12,'[1]All เคลมน้ำท่วมรถยนต์'!$C:$C,'[1]All เคลมน้ำท่วมรถยนต์'!$CA:$CA,"") -> ประเภท2+ | Q12: =_xlfn.XLOOKUP(K12,'[1]All เคลมน้ำท่วมรถยนต์'!$C:$C,'[1]All เคลมน้ำท่วมรถยนต์'!$BX:$BX,"") -> 100000 | R12: =_xlfn.XLOOKUP(K12,'[1]All เคลมน้ำท่วมรถยนต์'!$C:$C,'[1]All เคลมน้ำท่วมรถยนต์'!$CB:$CB,"") -> 0 ไม่คุ้มครองภัยน้ำท่วม | S12: =_xlfn.XLOOKUP(L12,[2]รายการรถยนต์!$H:$H,[2]รายการรถยนต์!$J:$J,"") | Z12: =_xlfn.XLOOKUP(K12,'[1]All เคลมน้ำท่วมรถยนต์'!$C:$C,'[1]All เคลมน้ำท่วมรถยนต์'!$CS:$CS,"") -> 0 | AA12: =_xlfn.XLOOKUP(K12,'[1]All เคลมน้ำท่วมรถยนต์'!$C:$C,'[1]All เคลมน้ำท่วมรถยนต์'!$CT:$CT,"") -> ยกเลิกเคลม | AB12: =_xlfn.XLOOKUP(K12,'[1]All เคลมน้ำท่วมรถยนต์'!$C:$C,'[1]All เคลมน้ำท่วมรถยนต์'!$CV:$CV,"") -> 0
A13: 12 | B13: ขว-8299 | C13: สงขลา | D13: HONDA | E13: HR-V | F13: แดง | G13: 46045 | H13: ย้ายลาน | I13: ลาน3-สะพานสูงเทคโน(Motto) | J13: ลาน8-ไฟร์มเครสต์ | K13: 502-25-71-RMO-04049 | L13: 502-25-71-CMO-04010 | M13: =_xlfn.XLOOKUP(K13,'[1]All เคลมน้ำท่วมรถยนต์'!$C:$C,'[1]All เคลมน้ำท่วมรถยนต์'!$DC:$DC,"") -> อนุมัติคืนทุน | O13: =_xlfn.XLOOKUP(K13,'[1]All เคลมน้ำท่วมรถยนต์'!$C:$C,'[1]All เคลมน้ำท่วมรถยนต์'!$DD:$DD,"") -> จ่ายแล้ว/ ยกเลิก | P13: =_xlfn.XLOOKUP(K13,'[1]All เคลมน้ำท่วมรถยนต์'!$C:$C,'[1]All เคลมน้ำท่วมรถยนต์'!$CA:$CA,"") -> ประเภท1 | Q13: =_xlfn.XLOOKUP(K13,'[1]All เคลมน้ำท่วมรถยนต์'!$C:$C,'[1]All เคลมน้ำท่วมรถยนต์'!$BX:$BX,"") -> 480000 | R13: =_xlfn.XLOOKUP(K13,'[1]All เคลมน้ำท่วมรถยนต์'!$C:$C,'[1]All เคลมน้ำท่วมรถยนต์'!$CB:$CB,"") -> 480000 | S13: =_xlfn.XLOOKUP(L13,[2]รายการรถยนต์!$H:$H,[2]รายการรถยนต์!$J:$J,"") -> 182400 | Z13: =_xlfn.XLOOKUP(K13,'[1]All เคลมน้ำท่วมรถยนต์'!$C:$C,'[1]All เคลมน้ำท่วมรถยนต์'!$CS:$CS,"") -> 480000 | AA13: =_xlfn.XLOOKUP(K13,'[1]All เคลมน้ำท่วมรถยนต์'!$C:$C,'[1]All เคลมน้ำท่วมรถยนต์'!$CT:$CT,"") -> 46015 | AB13: =_xlfn.XLOOKUP(K13,'[1]All เคลมน้ำท่วมรถยนต์'!$C:$C,'[1]All เคลมน้ำท่วมรถยนต์'!$CV:$CV,"") -> นางสาว ธนภรณ์ เพ็ชรชะระ
A14: 13 | B14: กอ-8811 | C14: สงขลา | D14: HONDA | E14: CR-V | F14: ดำ | G14: 46045 | H14: ย้ายลาน | I14: ลาน3-สะพานสูงเทคโน(Motto) | J14: ลาน8-ไฟร์มเครสต์ | K14: 502-25-71-RMO-04050 | L14: 502-25-71-CMO-04009 | M14: =_xlfn.XLOOKUP(K14,'[1]All เคลมน้ำท่วมรถยนต์'!$C:$C,'[1]All เคลมน้ำท่วมรถยนต์'!$DC:$DC,"") -> อนุมัติคืนทุน | O14: =_xlfn.XLOOKUP(K14,'[1]All เคลมน้ำท่วมรถยนต์'!$C:$C,'[1]All เคลมน้ำท่วมรถยนต์'!$DD:$DD,"") -> จ่ายแล้ว/ ยกเลิก | P14: =_xlfn.XLOOKUP(K14,'[1]All เคลมน้ำท่วมรถยนต์'!$C:$C,'[1]All เคลมน้ำท่วมรถยนต์'!$CA:$CA,"") -> ประเภท1 | Q14: =_xlfn.XLOOKUP(K14,'[1]All เคลมน้ำท่วมรถยนต์'!$C:$C,'[1]All เคลมน้ำท่วมรถยนต์'!$BX:$BX,"") -> 270000 | R14: =_xlfn.XLOOKUP(K14,'[1]All เคลมน้ำท่วมรถยนต์'!$C:$C,'[1]All เคลมน้ำท่วมรถยนต์'!$CB:$CB,"") -> 270000 | S14: =_xlfn.XLOOKUP(L14,[2]รายการรถยนต์!$H:$H,[2]รายการรถยนต์!$J:$J,"") -> 102600 | Z14: =_xlfn.XLOOKUP(K14,'[1]All เคลมน้ำท่วมรถยนต์'!$C:$C,'[1]All เคลมน้ำท่วมรถยนต์'!$CS:$CS,"") -> 270000 | AA14: =_xlfn.XLOOKUP(K14,'[1]All เคลมน้ำท่วมรถยนต์'!$C:$C,'[1]All เคลมน้ำท่วมรถยนต์'!$CT:$CT,"") -> 46015 | AB14: =_xlfn.XLOOKUP(K14,'[1]All เคลมน้ำท่วมรถยนต์'!$C:$C,'[1]All เคลมน้ำท่วมรถยนต์'!$CV:$CV,"") -> นางสาว จรรยา จันทร์ปาน
A15: 14 | B15: กร-9117 | C15: สงขลา | D15: HONDA | E15: CIVIC | F15: ดำ | G15: 46045 | H15: ย้ายลาน | I15: ลาน3-สะพานสูงเทคโน(Motto) | J15: ลาน8-ไฟร์มเครสต์ | K15: 502-25-71-RMO-04051 | L15: 502-25-71-CMO-03992 | M15: =_xlfn.XLOOKUP(K15,'[1]All เคลมน้ำท่วมรถยนต์'!$C:$C,'[1]All เคลมน้ำท่วมรถยนต์'!$DC:$DC,"") -> อนุมัติคืนทุน | O15: =_xlfn.XLOOKUP(K15,'[1]All เคลมน้ำท่วมรถยนต์'!$C:$C,'[1]All เคลมน้ำท่วมรถยนต์'!$DD:$DD,"") -> จ่ายแล้ว/ ยกเลิก | P15: =_xlfn.XLOOKUP(K15,'[1]All เคลมน้ำท่วมรถยนต์'!$C:$C,'[1]All เคลมน้ำท่วมรถยนต์'!$CA:$CA,"") -> ประเภท1 | Q15: =_xlfn.XLOOKUP(K15,'[1]All เคลมน้ำท่วมรถยนต์'!$C:$C,'[1]All เคลมน้ำท่วมรถยนต์'!$BX:$BX,"") -> 200000 | R15: =_xlfn.XLOOKUP(K15,'[1]All เคลมน้ำท่วมรถยนต์'!$C:$C,'[1]All เคลมน้ำท่วมรถยนต์'!$CB:$CB,"") -> 11649 | S15: =_xlfn.XLOOKUP(L15,[2]รายการรถยนต์!$H:$H,[2]รายการรถยนต์!$J:$J,"") -> 76000 | Z15: =_xlfn.XLOOKUP(K15,'[1]All เคลมน้ำท่วมรถยนต์'!$C:$C,'[1]All เคลมน้ำท่วมรถยนต์'!$CS:$CS,"") -> 200000 | AA15: =_xlfn.XLOOKUP(K15,'[1]All เคลมน้ำท่วมรถยนต์'!$C:$C,'[1]All เคลมน้ำท่วมรถยนต์'!$CT:$CT,"") -> 46030 | AB15: =_xlfn.XLOOKUP(K15,'[1]All เคลมน้ำท่วมรถยนต์'!$C:$C,'[1]All เคลมน้ำท่วมรถยนต์'!$CV:$CV,"") -> นางสาว ณัฐวดี กาฬสินธุ์
A16: 15 | B16: งข-6069 | C16: สงขลา | D16: TOYOTA | E16: YARIS 1.2 | F16: ขาว | G16: 46045 | H16: ย้ายลาน | I16: ลาน1-ช่องเขา | J16: ลาน8-ไฟร์มเครสต์ | K16: 502-25-71-RMO-04052 | L16: 502-25-71-CMO-04011 | M16: =_xlfn.XLOOKUP(K16,'[1]All เคลมน้ำท่วมรถยนต์'!$C:$C,'[1]All เคลมน้ำท่วมรถยนต์'!$DC:$DC,"") -> อนุมัติคืนทุน | O16: =_xlfn.XLOOKUP(K16,'[1]All เคลมน้ำท่วมรถยนต์'!$C:$C,'[1]All เคลมน้ำท่วมรถยนต์'!$DD:$DD,"") -> leasing | P16: =_xlfn.XLOOKUP(K16,'[1]All เคลมน้ำท่วมรถยนต์'!$C:$C,'[1]All เคลมน้ำท่วมรถยนต์'!$CA:$CA,"") -> ประเภท1 | Q16: =_xlfn.XLOOKUP(K16,'[1]All เคลมน้ำท่วมรถยนต์'!$C:$C,'[1]All เคลมน้ำท่วมรถยนต์'!$BX:$BX,"") -> 320000 | R16: =_xlfn.XLOOKUP(K16,'[1]All เคลมน้ำท่วมรถยนต์'!$C:$C,'[1]All เคลมน้ำท่วมรถยนต์'!$CB:$CB,"") -> 320000 | S16: =_xlfn.XLOOKUP(L16,[2]รายการรถยนต์!$H:$H,[2]รายการรถยนต์!$J:$J,"") -> 121600 | Z16: =_xlfn.XLOOKUP(K16,'[1]All เคลมน้ำท่วมรถยนต์'!$C:$C,'[1]All เคลมน้ำท่วมรถยนต์'!$CS:$CS,"") -> 0 | AA16: =_xlfn.XLOOKUP(K16,'[1]All เคลมน้ำท่วมรถยนต์'!$C:$C,'[1]All เคลมน้ำท่วมรถยนต์'!$CT:$CT,"") | AB16: =_xlfn.XLOOKUP(K16,'[1]All เคลมน้ำท่วมรถยนต์'!$C:$C,'[1]All เคลมน้ำท่วมรถยนต์'!$CV:$CV,"") -> 0
A17: 16 | B17: งฉ-5045 | C17: สงขลา | D17: MERCEDES-BENZ | E17: GLA200 | H17: ซ่อม | K17: 502-25-71-RMO-04053 | L17: 502-25-71-CMO-04007 | M17: =_xlfn.XLOOKUP(K17,'[1]All เคลมน้ำท่วมรถยนต์'!$C:$C,'[1]All เคลมน้ำท่วมรถยนต์'!$DC:$DC,"") -> อนุมัติเหมาซ่อม | O17: =_xlfn.XLOOKUP(K17,'[1]All เคลมน้ำท่วมรถยนต์'!$C:$C,'[1]All เคลมน้ำท่วมรถยนต์'!$DD:$DD,"") -> จ่ายแล้ว/ ยกเลิก | P17: =_xlfn.XLOOKUP(K17,'[1]All เคลมน้ำท่วมรถยนต์'!$C:$C,'[1]All เคลมน้ำท่วมรถยนต์'!$CA:$CA,"") -> ประเภท1 | Q17: =_xlfn.XLOOKUP(K17,'[1]All เคลมน้ำท่วมรถยนต์'!$C:$C,'[1]All เคลมน้ำท่วมรถยนต์'!$BX:$BX,"") -> 560000 | R17: =_xlfn.XLOOKUP(K17,'[1]All เคลมน้ำท่วมรถยนต์'!$C:$C,'[1]All เคลมน้ำท่วมรถยนต์'!$CB:$CB,"") -> 100000 | S17: =_xlfn.XLOOKUP(L17,[2]รายการรถยนต์!$H:$H,[2]รายการรถยนต์!$J:$J,"") | Z17: =_xlfn.XLOOKUP(K17,'[1]All เคลมน้ำท่วมรถยนต์'!$C:$C,'[1]All เคลมน้ำท่วมรถยนต์'!$CS:$CS,"") -> 120000 | AA17: =_xlfn.XLOOKUP(K17,'[1]All เคลมน้ำท่วมรถยนต์'!$C:$C,'[1]All เคลมน้ำท่วมรถยนต์'!$CT:$CT,"") -> 46029 | AB17: =_xlfn.XLOOKUP(K17,'[1]All เคลมน้ำท่วมรถยนต์'!$C:$C,'[1]All เคลมน้ำท่วมรถยนต์'!$CV:$CV,"") -> นางสาว สุรัตนวดี ชูแก้ว
A18: 17 | B18: กท-8045 | C18: สงขลา | D18: TOYOTA | E18: VIOS | K18: 502-25-71-RMO-04054 | L18: 502-25-71-CMO-03990 | M18: =_xlfn.XLOOKUP(K18,'[1]All เคลมน้ำท่วมรถยนต์'!$C:$C,'[1]All เคลมน้ำท่วมรถยนต์'!$DC:$DC,"") | O18: =_xlfn.XLOOKUP(K18,'[1]All เคลมน้ำท่วมรถยนต์'!$C:$C,'[1]All เคลมน้ำท่วมรถยนต์'!$DD:$DD,"") -> จ่ายแล้ว/ ยกเลิก | P18: =_xlfn.XLOOKUP(K18,'[1]All เคลมน้ำท่วมรถยนต์'!$C:$C,'[1]All เคลมน้ำท่วมรถยนต์'!$CA:$CA,"") -> ประเภท2+ | Q18: =_xlfn.XLOOKUP(K18,'[1]All เคลมน้ำท่วมรถยนต์'!$C:$C,'[1]All เคลมน้ำท่วมรถยนต์'!$BX:$BX,"") -> 100000 | R18: =_xlfn.XLOOKUP(K18,'[1]All เคลมน้ำท่วมรถยนต์'!$C:$C,'[1]All เคลมน้ำท่วมรถยนต์'!$CB:$CB,"") -> 0 ไม่คุ้มครองภัยน้ำท่วม | S18: =_xlfn.XLOOKUP(L18,[2]รายการรถยนต์!$H:$H,[2]รายการรถยนต์!$J:$J,"") | Z18: =_xlfn.XLOOKUP(K18,'[1]All เคลมน้ำท่วมรถยนต์'!$C:$C,'[1]All เคลมน้ำท่วมรถยนต์'!$CS:$CS,"") -> 0 | AA18: =_xlfn.XLOOKUP(K18,'[1]All เคลมน้ำท่วมรถยนต์'!$C:$C,'[1]All เคลมน้ำท่วมรถยนต์'!$CT:$CT,"") -> ยกเลิกเคลม | AB18: =_xlfn.XLOOKUP(K18,'[1]All เคลมน้ำท่วมรถยนต์'!$C:$C,'[1]All เคลมน้ำท่วมรถยนต์'!$CV:$CV,"") -> 0
A19: 18 | B19: 3ขศ-5375 | K19: 502-25-71-RMO-04055 | L19: 502-25-71-CMO-03988 | M19: =_xlfn.XLOOKUP(K19,'[1]All เคลมน้ำท่วมรถยนต์'!$C:$C,'[1]All เคลมน้ำท่วมรถยนต์'!$DC:$DC,"") -> อนุมัติคืนทุน | O19: =_xlfn.XLOOKUP(K19,'[1]All เคลมน้ำท่วมรถยนต์'!$C:$C,'[1]All เคลมน้ำท่วมรถยนต์'!$DD:$DD,"") -> leasing | P19: =_xlfn.XLOOKUP(K19,'[1]All เคลมน้ำท่วมรถยนต์'!$C:$C,'[1]All เคลมน้ำท่วมรถยนต์'!$CA:$CA,"") -> ประเภท1 | Q19: =_xlfn.XLOOKUP(K19,'[1]All เคลมน้ำท่วมรถยนต์'!$C:$C,'[1]All เคลมน้ำท่วมรถยนต์'!$BX:$BX,"") -> 850000 | R19: =_xlfn.XLOOKUP(K19,'[1]All เคลมน้ำท่วมรถยนต์'!$C:$C,'[1]All เคลมน้ำท่วมรถยนต์'!$CB:$CB,"") -> 850000 | S19: =_xlfn.XLOOKUP(L19,[2]รายการรถยนต์!$H:$H,[2]รายการรถยนต์!$J:$J,"") -> 323000 | Z19: =_xlfn.XLOOKUP(K19,'[1]All เคลมน้ำท่วมรถยนต์'!$C:$C,'[1]All เคลมน้ำท่วมรถยนต์'!$CS:$CS,"") -> 0 | AA19: =_xlfn.XLOOKUP(K19,'[1]All เคลมน้ำท่วมรถยนต์'!$C:$C,'[1]All เคลมน้ำท่วมรถยนต์'!$CT:$CT,"") | AB19: =_xlfn.XLOOKUP(K19,'[1]All เคลมน้ำท่วมรถยนต์'!$C:$C,'[1]All เคลมน้ำท่วมรถยนต์'!$CV:$CV,"") -> 0
A20: 19 | B20: งท-6364 | C20: สงขลา | D20: TOYOTA | E20: COROLLA CROSS | F20: ขาว | G20: 46002.419 | I20: ลาน1-ช่องเขา | K20: 502-25-71-RMO-04057 | L20: 502-25-71-CMO-04012 | M20: =_xlfn.XLOOKUP(K20,'[1]All เคลมน้ำท่วมรถยนต์'!$C:$C,'[1]All เคลมน้ำท่วมรถยนต์'!$DC:$DC,"") -> อนุมัติคืนทุน | O20: =_xlfn.XLOOKUP(K20,'[1]All เคลมน้ำท่วมรถยนต์'!$C:$C,'[1]All เคลมน้ำท่วมรถยนต์'!$DD:$DD,"") -> จ่ายแล้ว/ ยกเลิก | P20: =_xlfn.XLOOKUP(K20,'[1]All เคลมน้ำท่วมรถยนต์'!$C:$C,'[1]All เคลมน้ำท่วมรถยนต์'!$CA:$CA,"") -> ประเภท1 | Q20: =_xlfn.XLOOKUP(K20,'[1]All เคลมน้ำท่วมรถยนต์'!$C:$C,'[1]All เคลมน้ำท่วมรถยนต์'!$BX:$BX,"") -> 570000 | R20: =_xlfn.XLOOKUP(K20,'[1]All เคลมน้ำท่วมรถยนต์'!$C:$C,'[1]All เคลมน้ำท่วมรถยนต์'!$CB:$CB,"") -> 570000 | S20: =_xlfn.XLOOKUP(L20,[2]รายการรถยนต์!$H:$H,[2]รายการรถยนต์!$J:$J,"") | Z20: =_xlfn.XLOOKUP(K20,'[1]All เคลมน้ำท่วมรถยนต์'!$C:$C,'[1]All เคลมน้ำท่วมรถยนต์'!$CS:$CS,"") -> 570000 | AA20: =_xlfn.XLOOKUP(K20,'[1]All เคลมน้ำท่วมรถยนต์'!$C:$C,'[1]All เคลมน้ำท่วมรถยนต์'!$CT:$CT,"") -> 46021 | AB20: =_xlfn.XLOOKUP(K20,'[1]All เคลมน้ำท่วมรถยนต์'!$C:$C,'[1]All เคลมน้ำท่วมรถยนต์'!$CV:$CV,"") -> นาง วันดี เจริญศรี
A21: 20 | B21: 3กร-8990 | K21: 502-25-71-RMO-04058 | L21: 502-25-71-CMO-04019 | M21: =_xlfn.XLOOKUP(K21,'[1]All เคลมน้ำท่วมรถยนต์'!$C:$C,'[1]All เคลมน้ำท่วมรถยนต์'!$DC:$DC,"") | O21: =_xlfn.XLOOKUP(K21,'[1]All เคลมน้ำท่วมรถยนต์'!$C:$C,'[1]All เคลมน้ำท่วมรถยนต์'!$DD:$DD,"") -> อนุมัติคืนทุนแล้ว - ยังไม่ถึงพี่ใหม่ | P21: =_xlfn.XLOOKUP(K21,'[1]All เคลมน้ำท่วมรถยนต์'!$C:$C,'[1]All เคลมน้ำท่วมรถยนต์'!$CA:$CA,"") -> ประเภท2+ | Q21: =_xlfn.XLOOKUP(K21,'[1]All เคลมน้ำท่วมรถยนต์'!$C:$C,'[1]All เคลมน้ำท่วมรถยนต์'!$BX:$BX,"") -> 300000 | R21: =_xlfn.XLOOKUP(K21,'[1]All เคลมน้ำท่วมรถยนต์'!$C:$C,'[1]All เคลมน้ำท่วมรถยนต์'!$CB:$CB,"") -> 50000 | S21: =_xlfn.XLOOKUP(L21,[2]รายการรถยนต์!$H:$H,[2]รายการรถยนต์!$J:$J,"") | Z21: =_xlfn.XLOOKUP(K21,'[1]All เคลมน้ำท่วมรถยนต์'!$C:$C,'[1]All เคลมน้ำท่วมรถยนต์'!$CS:$CS,"") -> 0 | AA21: =_xlfn.XLOOKUP(K21,'[1]All เคลมน้ำท่วมรถยนต์'!$C:$C,'[1]All เคลมน้ำท่วมรถยนต์'!$CT:$CT,"") | AB21: =_xlfn.XLOOKUP(K21,'[1]All เคลมน้ำท่วมรถยนต์'!$C:$C,'[1]All เคลมน้ำท่วมรถยนต์'!$CV:$CV,"") -> 0
A22: 21 | B22: ผจ-1583 | C22: สุราษฎร์ธานี | D22: TOYOTA | E22: Revo | F22: ขาว | G22: 46045 | H22: ย้ายลาน | I22: ลาน1-ช่องเขา | J22: ลาน8-ไฟร์มเครสต์ | K22: 502-25-71-RMO-04059 | L22: 502-25-71-CMO-04034 | M22: =_xlfn.XLOOKUP(K22,'[1]All เคลมน้ำท่วมรถยนต์'!$C:$C,'[1]All เคลมน้ำท่วมรถยนต์'!$DC:$DC,"") -> อนุมัติคืนทุน | O22: =_xlfn.XLOOKUP(K22,'[1]All เคลมน้ำท่วมรถยนต์'!$C:$C,'[1]All เคลมน้ำท่วมรถยนต์'!$DD:$DD,"") -> จ่ายแล้ว/ ยกเลิก | P22: =_xlfn.XLOOKUP(K22,'[1]All เคลมน้ำท่วมรถยนต์'!$C:$C,'[1]All เคลมน้ำท่วมรถยนต์'!$CA:$CA,"") -> ประเภท1 | Q22: =_xlfn.XLOOKUP(K22,'[1]All เคลมน้ำท่วมรถยนต์'!$C:$C,'[1]All เคลมน้ำท่วมรถยนต์'!$BX:$BX,"") -> 240000 | R22: =_xlfn.XLOOKUP(K22,'[1]All เคลมน้ำท่วมรถยนต์'!$C:$C,'[1]All เคลมน้ำท่วมรถยนต์'!$CB:$CB,"") -> 240000 | S22: =_xlfn.XLOOKUP(L22,[2]รายการรถยนต์!$H:$H,[2]รายการรถยนต์!$J:$J,"") -> 91200 | Z22: =_xlfn.XLOOKUP(K22,'[1]All เคลมน้ำท่วมรถยนต์'!$C:$C,'[1]All เคลมน้ำท่วมรถยนต์'!$CS:$CS,"") -> 240000 | AA22: =_xlfn.XLOOKUP(K22,'[1]All เคลมน้ำท่วมรถยนต์'!$C:$C,'[1]All เคลมน้ำท่วมรถยนต์'!$CT:$CT,"") -> 46037 | AB22: =_xlfn.XLOOKUP(K22,'[1]All เคลมน้ำท่วมรถยนต์'!$C:$C,'[1]All เคลมน้ำท่วมรถยนต์'!$CV:$CV,"") -> บริษัท เอสแอลเอส ทรานสปอร์ต แอนด์ โลจิสติกส์ จำกัด
A23: 22 | B23: ขว-248 | C23: สงขลา | D23: MAZDA | E23: 2 | F23: ดำ | G23: 46045 | H23: ย้ายลาน | I23: ลาน6 | J23: ลาน8-ไฟร์มเครสต์ | K23: 502-25-71-RMO-04060 | L23: 502-25-71-CMO-04015 | M23: =_xlfn.XLOOKUP(K23,'[1]All เคลมน้ำท่วมรถยนต์'!$C:$C,'[1]All เคลมน้ำท่วมรถยนต์'!$DC:$DC,"") | O23: =_xlfn.XLOOKUP(K23,'[1]All เคลมน้ำท่วมรถยนต์'!$C:$C,'[1]All เคลมน้ำท่วมรถยนต์'!$DD:$DD,"") -> มีประมาณการเบื้องต้นแล้ว ยังไม่เปิด GP/อนุมัติจ่าย | P23: =_xlfn.XLOOKUP(K23,'[1]All เคลมน้ำท่วมรถยนต์'!$C:$C,'[1]All เคลมน้ำท่วมรถยนต์'!$CA:$CA,"") -> ประเภท1 | Q23: =_xlfn.XLOOKUP(K23,'[1]All เคลมน้ำท่วมรถยนต์'!$C:$C,'[1]All เคลมน้ำท่วมรถยนต์'!$BX:$BX,"") -> 270000 | R23: =_xlfn.XLOOKUP(K23,'[1]All เคลมน้ำท่วมรถยนต์'!$C:$C,'[1]All เคลมน้ำท่วมรถยนต์'!$CB:$CB,"") -> 270000 | S23: =_xlfn.XLOOKUP(L23,[2]รายการรถยนต์!$H:$H,[2]รายการรถยนต์!$J:$J,"") -> 102600 | Z23: =_xlfn.XLOOKUP(K23,'[1]All เคลมน้ำท่วมรถยนต์'!$C:$C,'[1]All เคลมน้ำท่วมรถยนต์'!$CS:$CS,"") -> 0 | AA23: =_xlfn.XLOOKUP(K23,'[1]All เคลมน้ำท่วมรถยนต์'!$C:$C,'[1]All เคลมน้ำท่วมรถยนต์'!$CT:$CT,"") | AB23: =_xlfn.XLOOKUP(K23,'[1]All เคลมน้ำท่วมรถยนต์'!$C:$C,'[1]All เคลมน้ำท่วมรถยนต์'!$CV:$CV,"") -> 0
A24: 23 | B24: ขน-2967 | C24: สงขลา | D24: MITSUBISHI | E24: MIRAGE | G24: 46045 | H24: ย้ายลาน | I24: ลาน2-ท่าช้าง(ดินถล่ม) | J24: ลาน8-ไฟร์มเครสต์ | K24: 502-25-71-RMO-04061 | L24: 502-25-71-CMO-04013 | M24: =_xlfn.XLOOKUP(K24,'[1]All เคลมน้ำท่วมรถยนต์'!$C:$C,'[1]All เคลมน้ำท่วมรถยนต์'!$DC:$DC,"") -> อนุมัติคืนทุน | O24: =_xlfn.XLOOKUP(K24,'[1]All เคลมน้ำท่วมรถยนต์'!$C:$C,'[1]All เคลมน้ำท่วมรถยนต์'!$DD:$DD,"") -> จ่ายแล้ว/ ยกเลิก | P24: =_xlfn.XLOOKUP(K24,'[1]All เคลมน้ำท่วมรถยนต์'!$C:$C,'[1]All เคลมน้ำท่วมรถยนต์'!$CA:$CA,"") -> ประเภท1 | Q24: =_xlfn.XLOOKUP(K24,'[1]All เคลมน้ำท่วมรถยนต์'!$C:$C,'[1]All เคลมน้ำท่วมรถยนต์'!$BX:$BX,"") -> 170000 | R24: =_xlfn.XLOOKUP(K24,'[1]All เคลมน้ำท่วมรถยนต์'!$C:$C,'[1]All เคลมน้ำท่วมรถยนต์'!$CB:$CB,"") -> 170000 | S24: =_xlfn.XLOOKUP(L24,[2]รายการรถยนต์!$H:$H,[2]รายการรถยนต์!$J:$J,"") -> 64600 | Z24: =_xlfn.XLOOKUP(K24,'[1]All เคลมน้ำท่วมรถยนต์'!$C:$C,'[1]All เคลมน้ำท่วมรถยนต์'!$CS:$CS,"") -> 170000 | AA24: =_xlfn.XLOOKUP(K24,'[1]All เคลมน้ำท่วมรถยนต์'!$C:$C,'[1]All เคลมน้ำท่วมรถยนต์'!$CT:$CT,"") -> 46021 | AB24: =_xlfn.XLOOKUP(K24,'[1]All เคลมน้ำท่วมรถยนต์'!$C:$C,'[1]All เคลมน้ำท่วมรถยนต์'!$CV:$CV,"") -> คุณ ขนิษฐา ตั้งสถิตวรรณ
A25: 24 | B25: งบ-2812 | H25: ซ่อม | K25: 502-25-71-RMO-04062 | L25: 502-25-71-CMO-03995 | M25: =_xlfn.XLOOKUP(K25,'[1]All เคลมน้ำท่วมรถยนต์'!$C:$C,'[1]All เคลมน้ำท่วมรถยนต์'!$DC:$DC,"") -> เข้าซ่อม | O25: =_xlfn.XLOOKUP(K25,'[1]All เคลมน้ำท่วมรถยนต์'!$C:$C,'[1]All เคลมน้ำท่วมรถยนต์'!$DD:$DD,"") -> เข้าซ่อม | P25: =_xlfn.XLOOKUP(K25,'[1]All เคลมน้ำท่วมรถยนต์'!$C:$C,'[1]All เคลมน้ำท่วมรถยนต์'!$CA:$CA,"") -> ประเภท1 | Q25: =_xlfn.XLOOKUP(K25,'[1]All เคลมน้ำท่วมรถยนต์'!$C:$C,'[1]All เคลมน้ำท่วมรถยนต์'!$BX:$BX,"") -> 400000 | R25: =_xlfn.XLOOKUP(K25,'[1]All เคลมน้ำท่วมรถยนต์'!$C:$C,'[1]All เคลมน้ำท่วมรถยนต์'!$CB:$CB,"") -> 30000 | S25: =_xlfn.XLOOKUP(L25,[2]รายการรถยนต์!$H:$H,[2]รายการรถยนต์!$J:$J,"") | Z25: =_xlfn.XLOOKUP(K25,'[1]All เคลมน้ำท่วมรถยนต์'!$C:$C,'[1]All เคลมน้ำท่วมรถยนต์'!$CS:$CS,"") -> 0 | AA25: =_xlfn.XLOOKUP(K25,'[1]All เคลมน้ำท่วมรถยนต์'!$C:$C,'[1]All เคลมน้ำท่วมรถยนต์'!$CT:$CT,"") | AB25: =_xlfn.XLOOKUP(K25,'[1]All เคลมน้ำท่วมรถยนต์'!$C:$C,'[1]All เคลมน้ำท่วมรถยนต์'!$CV:$CV,"") -> 0
A26: 25 | B26: กง-2544 | C26: สตูลูล | D26: HONDA | E26: City | G26: 46045 | H26: ย้ายลาน | I26: ลาน2-ท่าช้าง(ดินถล่ม) | J26: ลาน8-ไฟร์มเครสต์ | K26: 502-25-71-RMO-04064 | L26: 502-25-71-CMO-04014 | M26: =_xlfn.XLOOKUP(K26,'[1]All เคลมน้ำท่วมรถยนต์'!$C:$C,'[1]All เคลมน้ำท่วมรถยนต์'!$DC:$DC,"") -> อนุมัติคืนทุน | O26: =_xlfn.XLOOKUP(K26,'[1]All เคลมน้ำท่วมรถยนต์'!$C:$C,'[1]All เคลมน้ำท่วมรถยนต์'!$DD:$DD,"") -> จ่ายแล้ว/ ยกเลิก | P26: =_xlfn.XLOOKUP(K26,'[1]All เคลมน้ำท่วมรถยนต์'!$C:$C,'[1]All เคลมน้ำท่วมรถยนต์'!$CA:$CA,"") -> ประเภท1 | Q26: =_xlfn.XLOOKUP(K26,'[1]All เคลมน้ำท่วมรถยนต์'!$C:$C,'[1]All เคลมน้ำท่วมรถยนต์'!$BX:$BX,"") -> 300000 | R26: =_xlfn.XLOOKUP(K26,'[1]All เคลมน้ำท่วมรถยนต์'!$C:$C,'[1]All เคลมน้ำท่วมรถยนต์'!$CB:$CB,"") -> 300000 | S26: =_xlfn.XLOOKUP(L26,[2]รายการรถยนต์!$H:$H,[2]รายการรถยนต์!$J:$J,"") -> 114000 | Z26: =_xlfn.XLOOKUP(K26,'[1]All เคลมน้ำท่วมรถยนต์'!$C:$C,'[1]All เคลมน้ำท่วมรถยนต์'!$CS:$CS,"") -> 300000 | AA26: =_xlfn.XLOOKUP(K26,'[1]All เคลมน้ำท่วมรถยนต์'!$C:$C,'[1]All เคลมน้ำท่วมรถยนต์'!$CT:$CT,"") -> 46021 | AB26: =_xlfn.XLOOKUP(K26,'[1]All เคลมน้ำท่วมรถยนต์'!$C:$C,'[1]All เคลมน้ำท่วมรถยนต์'!$CV:$CV,"") -> คุณ ธีรณุ ไกรวงศ์
A27: 26 | B27: กย-8938 | C27: สงขลา | D27: ISUZU | E27: D-MAX | F27: เทา | G27: 46045 | H27: ย้ายลาน | I27: ลาน3-สะพานสูงเทคโน(Motto) | J27: ลาน8-ไฟร์มเครสต์ | K27: 502-25-71-RMO-04065 | L27: 502-25-71-CMO-04016 | M27: =_xlfn.XLOOKUP(K27,'[1]All เคลมน้ำท่วมรถยนต์'!$C:$C,'[1]All เคลมน้ำท่วมรถยนต์'!$DC:$DC,"") -> อนุมัติคืนทุน | O27: =_xlfn.XLOOKUP(K27,'[1]All เคลมน้ำท่วมรถยนต์'!$C:$C,'[1]All เคลมน้ำท่วมรถยนต์'!$DD:$DD,"") -> จ่ายแล้ว/ ยกเลิก | P27: =_xlfn.XLOOKUP(K27,'[1]All เคลมน้ำท่วมรถยนต์'!$C:$C,'[1]All เคลมน้ำท่วมรถยนต์'!$CA:$CA,"") -> ประเภท1 | Q27: =_xlfn.XLOOKUP(K27,'[1]All เคลมน้ำท่วมรถยนต์'!$C:$C,'[1]All เคลมน้ำท่วมรถยนต์'!$BX:$BX,"") -> 140000 | R27: =_xlfn.XLOOKUP(K27,'[1]All เคลมน้ำท่วมรถยนต์'!$C:$C,'[1]All เคลมน้ำท่วมรถยนต์'!$CB:$CB,"") -> 140000 | S27: =_xlfn.XLOOKUP(L27,[2]รายการรถยนต์!$H:$H,[2]รายการรถยนต์!$J:$J,"") -> 53200 | Z27: =_xlfn.XLOOKUP(K27,'[1]All เคลมน้ำท่วมรถยนต์'!$C:$C,'[1]All เคลมน้ำท่วมรถยนต์'!$CS:$CS,"") -> 140000 | AA27: =_xlfn.XLOOKUP(K27,'[1]All เคลมน้ำท่วมรถยนต์'!$C:$C,'[1]All เคลมน้ำท่วมรถยนต์'!$CT:$CT,"") -> 45992 | AB27: =_xlfn.XLOOKUP(K27,'[1]All เคลมน้ำท่วมรถยนต์'!$C:$C,'[1]All เคลมน้ำท่วมรถยนต์'!$CV:$CV,"") -> นาง กุสุมา เจ๊ะเต๊ะ
A28: 27 | B28: ขต-4548 | C28: สงขลา | D28: TOYOTA | E28: COROLLA | K28: 502-25-71-RMO-04066 | L28: 502-25-71-CMO-03996 | M28: =_xlfn.XLOOKUP(K28,'[1]All เคลมน้ำท่วมรถยนต์'!$C:$C,'[1]All เคลมน้ำท่วมรถยนต์'!$DC:$DC,"") -> อนุมัติคืนทุน | O28: =_xlfn.XLOOKUP(K28,'[1]All เคลมน้ำท่วมรถยนต์'!$C:$C,'[1]All เคลมน้ำท่วมรถยนต์'!$DD:$DD,"") -> จ่ายแล้ว/ ยกเลิก | P28: =_xlfn.XLOOKUP(K28,'[1]All เคลมน้ำท่วมรถยนต์'!$C:$C,'[1]All เคลมน้ำท่วมรถยนต์'!$CA:$CA,"") -> ประเภท1 | Q28: =_xlfn.XLOOKUP(K28,'[1]All เคลมน้ำท่วมรถยนต์'!$C:$C,'[1]All เคลมน้ำท่วมรถยนต์'!$BX:$BX,"") -> 270000 | R28: =_xlfn.XLOOKUP(K28,'[1]All เคลมน้ำท่วมรถยนต์'!$C:$C,'[1]All เคลมน้ำท่วมรถยนต์'!$CB:$CB,"") -> 270000 | S28: =_xlfn.XLOOKUP(L28,[2]รายการรถยนต์!$H:$H,[2]รายการรถยนต์!$J:$J,"") | Z28: =_xlfn.XLOOKUP(K28,'[1]All เคลมน้ำท่วมรถยนต์'!$C:$C,'[1]All เคลมน้ำท่วมรถยนต์'!$CS:$CS,"") -> 270000 | AA28: =_xlfn.XLOOKUP(K28,'[1]All เคลมน้ำท่วมรถยนต์'!$C:$C,'[1]All เคลมน้ำท่วมรถยนต์'!$CT:$CT,"") -> 46043 | AB28: =_xlfn.XLOOKUP(K28,'[1]All เคลมน้ำท่วมรถยนต์'!$C:$C,'[1]All เคลมน้ำท่วมรถยนต์'!$CV:$CV,"") -> นางสาว นัยนา บุญทรง
A29: 28 | B29: ขท-3571 | C29: สงขลา | D29: TOYOTA | E29: COROLLA | K29: 502-25-71-RMO-04067 | L29: 502-25-71-CMO-03999 | M29: =_xlfn.XLOOKUP(K29,'[1]All เคลมน้ำท่วมรถยนต์'!$C:$C,'[1]All เคลมน้ำท่วมรถยนต์'!$DC:$DC,"") | O29: =_xlfn.XLOOKUP(K29,'[1]All เคลมน้ำท่วมรถยนต์'!$C:$C,'[1]All เคลมน้ำท่วมรถยนต์'!$DD:$DD,"") -> จ่ายแล้ว/ ยกเลิก | P29: =_xlfn.XLOOKUP(K29,'[1]All เคลมน้ำท่วมรถยนต์'!$C:$C,'[1]All เคลมน้ำท่วมรถยนต์'!$CA:$CA,"") -> ประเภท2+ | Q29: =_xlfn.XLOOKUP(K29,'[1]All เคลมน้ำท่วมรถยนต์'!$C:$C,'[1]All เคลมน้ำท่วมรถยนต์'!$BX:$BX,"") -> 300000 | R29: =_xlfn.XLOOKUP(K29,'[1]All เคลมน้ำท่วมรถยนต์'!$C:$C,'[1]All เคลมน้ำท่วมรถยนต์'!$CB:$CB,"") -> 50000 | S29: =_xlfn.XLOOKUP(L29,[2]รายการรถยนต์!$H:$H,[2]รายการรถยนต์!$J:$J,"") | Z29: =_xlfn.XLOOKUP(K29,'[1]All เคลมน้ำท่วมรถยนต์'!$C:$C,'[1]All เคลมน้ำท่วมรถยนต์'!$CS:$CS,"") -> 50000 | AA29: =_xlfn.XLOOKUP(K29,'[1]All เคลมน้ำท่วมรถยนต์'!$C:$C,'[1]All เคลมน้ำท่วมรถยนต์'!$CT:$CT,"") -> 46030 | AB29: =_xlfn.XLOOKUP(K29,'[1]All เคลมน้ำท่วมรถยนต์'!$C:$C,'[1]All เคลมน้ำท่วมรถยนต์'!$CV:$CV,"") -> นาง สาวิตรี วัฒนวาที
A30: 29 | B30: ขต-4128 | C30: สงขลา | D30: TOYOTA | E30: Vios | F30: ขาว | G30: 46045 | H30: ย้ายลาน | I30: ลาน6 | J30: ลาน8-ไฟร์มเครสต์ | K30: 502-25-71-RMO-04068 | L30: 502-25-71-CMO-03997 | M30: =_xlfn.XLOOKUP(K30,'[1]All เคลมน้ำท่วมรถยนต์'!$C:$C,'[1]All เคลมน้ำท่วมรถยนต์'!$DC:$DC,"") -> อนุมัติคืนทุน | O30: =_xlfn.XLOOKUP(K30,'[1]All เคลมน้ำท่วมรถยนต์'!$C:$C,'[1]All เคลมน้ำท่วมรถยนต์'!$DD:$DD,"") -> จ่ายแล้ว/ ยกเลิก | P30: =_xlfn.XLOOKUP(K30,'[1]All เคลมน้ำท่วมรถยนต์'!$C:$C,'[1]All เคลมน้ำท่วมรถยนต์'!$CA:$CA,"") -> ประเภท1 | Q30: =_xlfn.XLOOKUP(K30,'[1]All เคลมน้ำท่วมรถยนต์'!$C:$C,'[1]All เคลมน้ำท่วมรถยนต์'!$BX:$BX,"") -> 210000 | R30: =_xlfn.XLOOKUP(K30,'[1]All เคลมน้ำท่วมรถยนต์'!$C:$C,'[1]All เคลมน้ำท่วมรถยนต์'!$CB:$CB,"") -> 210000 | S30: =_xlfn.XLOOKUP(L30,[2]รายการรถยนต์!$H:$H,[2]รายการรถยนต์!$J:$J,"") -> 79800 | Z30: =_xlfn.XLOOKUP(K30,'[1]All เคลมน้ำท่วมรถยนต์'!$C:$C,'[1]All เคลมน้ำท่วมรถยนต์'!$CS:$CS,"") -> 210000 | AA30: =_xlfn.XLOOKUP(K30,'[1]All เคลมน้ำท่วมรถยนต์'!$C:$C,'[1]All เคลมน้ำท่วมรถยนต์'!$CT:$CT,"") -> 46021 | AB30: =_xlfn.XLOOKUP(K30,'[1]All เคลมน้ำท่วมรถยนต์'!$C:$C,'[1]All เคลมน้ำท่วมรถยนต์'!$CV:$CV,"") -> นาย ปรีดา พรหมสุวรรณ์
A31: 30 | B31: 6กร-7933 | F31: เทาบรอนซ์ | G31: 46002.411 | I31: ลาน1-ช่องเขา | K31: 502-25-71-RMO-04070 | L31: 502-25-71-CMO-04000 | M31: =_xlfn.XLOOKUP(K31,'[1]All เคลมน้ำท่วมรถยนต์'!$C:$C,'[1]All เคลมน้ำท่วมรถยนต์'!$DC:$DC,"") -> รออนุมัติ | O31: =_xlfn.XLOOKUP(K31,'[1]All เคลมน้ำท่วมรถยนต์'!$C:$C,'[1]All เคลมน้ำท่วมรถยนต์'!$DD:$DD,"") -> เข้าซ่อม | P31: =_xlfn.XLOOKUP(K31,'[1]All เคลมน้ำท่วมรถยนต์'!$C:$C,'[1]All เคลมน้ำท่วมรถยนต์'!$CA:$CA,"") -> ประเภท1 | Q31: =_xlfn.XLOOKUP(K31,'[1]All เคลมน้ำท่วมรถยนต์'!$C:$C,'[1]All เคลมน้ำท่วมรถยนต์'!$BX:$BX,"") -> 270000 | R31: =_xlfn.XLOOKUP(K31,'[1]All เคลมน้ำท่วมรถยนต์'!$C:$C,'[1]All เคลมน้ำท่วมรถยนต์'!$CB:$CB,"") -> 150000 | S31: =_xlfn.XLOOKUP(L31,[2]รายการรถยนต์!$H:$H,[2]รายการรถยนต์!$J:$J,"") | Z31: =_xlfn.XLOOKUP(K31,'[1]All เคลมน้ำท่วมรถยนต์'!$C:$C,'[1]All เคลมน้ำท่วมรถยนต์'!$CS:$CS,"") -> 0 | AA31: =_xlfn.XLOOKUP(K31,'[1]All เคลมน้ำท่วมรถยนต์'!$C:$C,'[1]All เคลมน้ำท่วมรถยนต์'!$CT:$CT,"") | AB31: =_xlfn.XLOOKUP(K31,'[1]All เคลมน้ำท่วมรถยนต์'!$C:$C,'[1]All เคลมน้ำท่วมรถยนต์'!$CV:$CV,"") -> 0
A32: 31 | B32: กค-5148 | C32: สตูล | D32: FORD | E32: FIESTA | G32: 46045 | H32: ย้ายลาน | I32: ลาน2-ท่าช้าง(ดินถล่ม) | J32: ลาน8-ไฟร์มเครสต์ | K32: 502-25-71-RMO-04071 | L32: 502-25-71-CMO-03981 | M32: =_xlfn.XLOOKUP(K32,'[1]All เคลมน้ำท่วมรถยนต์'!$C:$C,'[1]All เคลมน้ำท่วมรถยนต์'!$DC:$DC,"") -> อนุมัติคืนทุน | O32: =_xlfn.XLOOKUP(K32,'[1]All เคลมน้ำท่วมรถยนต์'!$C:$C,'[1]All เคลมน้ำท่วมรถยนต์'!$DD:$DD,"") -> จ่ายแล้ว/ ยกเลิก | P32: =_xlfn.XLOOKUP(K32,'[1]All เคลมน้ำท่วมรถยนต์'!$C:$C,'[1]All เคลมน้ำท่วมรถยนต์'!$CA:$CA,"") -> ประเภท1 | Q32: =_xlfn.XLOOKUP(K32,'[1]All เคลมน้ำท่วมรถยนต์'!$C:$C,'[1]All เคลมน้ำท่วมรถยนต์'!$BX:$BX,"") -> 150000 | R32: =_xlfn.XLOOKUP(K32,'[1]All เคลมน้ำท่วมรถยนต์'!$C:$C,'[1]All เคลมน้ำท่วมรถยนต์'!$CB:$CB,"") -> 150000 | S32: =_xlfn.XLOOKUP(L32,[2]รายการรถยนต์!$H:$H,[2]รายการรถยนต์!$J:$J,"") -> 57000 | Z32: =_xlfn.XLOOKUP(K32,'[1]All เคลมน้ำท่วมรถยนต์'!$C:$C,'[1]All เคลมน้ำท่วมรถยนต์'!$CS:$CS,"") -> 150000 | AA32: =_xlfn.XLOOKUP(K32,'[1]All เคลมน้ำท่วมรถยนต์'!$C:$C,'[1]All เคลมน้ำท่วมรถยนต์'!$CT:$CT,"") -> 46021 | AB32: =_xlfn.XLOOKUP(K32,'[1]All เคลมน้ำท่วมรถยนต์'!$C:$C,'[1]All เคลมน้ำท่วมรถยนต์'!$CV:$CV,"") -> นาย สิตางศุ์ ชวนานันท์
A33: 32 | B33: 1ขข-3219 | H33: ซ่อม | K33: 502-25-71-RMO-04072 | L33: 502-25-71-CMO-04001 | M33: =_xlfn.XLOOKUP(K33,'[1]All เคลมน้ำท่วมรถยนต์'!$C:$C,'[1]All เคลมน้ำท่วมรถยนต์'!$DC:$DC,"") -> เข้าซ่อม | O33: =_xlfn.XLOOKUP(K33,'[1]All เคลมน้ำท่วมรถยนต์'!$C:$C,'[1]All เคลมน้ำท่วมรถยนต์'!$DD:$DD,"") -> จ่ายแล้ว/ ยกเลิก | P33: =_xlfn.XLOOKUP(K33,'[1]All เคลมน้ำท่วมรถยนต์'!$C:$C,'[1]All เคลมน้ำท่วมรถยนต์'!$CA:$CA,"") -> ประเภท1 | Q33: =_xlfn.XLOOKUP(K33,'[1]All เคลมน้ำท่วมรถยนต์'!$C:$C,'[1]All เคลมน้ำท่วมรถยนต์'!$BX:$BX,"") -> 450000 | R33: =_xlfn.XLOOKUP(K33,'[1]All เคลมน้ำท่วมรถยนต์'!$C:$C,'[1]All เคลมน้ำท่วมรถยนต์'!$CB:$CB,"") -> 10000 | S33: =_xlfn.XLOOKUP(L33,[2]รายการรถยนต์!$H:$H,[2]รายการรถยนต์!$J:$J,"") | Z33: =_xlfn.XLOOKUP(K33,'[1]All เคลมน้ำท่วมรถยนต์'!$C:$C,'[1]All เคลมน้ำท่วมรถยนต์'!$CS:$CS,"") -> 9400 | AA33: =_xlfn.XLOOKUP(K33,'[1]All เคลมน้ำท่วมรถยนต์'!$C:$C,'[1]All เคลมน้ำท่วมรถยนต์'!$CT:$CT,"") -> 46029 | AB33: =_xlfn.XLOOKUP(K33,'[1]All เคลมน้ำท่วมรถยนต์'!$C:$C,'[1]All เคลมน้ำท่วมรถยนต์'!$CV:$CV,"") -> นาย ปารมี ขุนศรีรักษา
A34: 33 | B34: ขต-6135 | C34: สงขลา | D34: CHEVROLET | E34: SONIC | K34: 502-25-71-RMO-04073 | L34: 502-25-71-CMO-03998 | M34: =_xlfn.XLOOKUP(K34,'[1]All เคลมน้ำท่วมรถยนต์'!$C:$C,'[1]All เคลมน้ำท่วมรถยนต์'!$DC:$DC,"") | O34: =_xlfn.XLOOKUP(K34,'[1]All เคลมน้ำท่วมรถยนต์'!$C:$C,'[1]All เคลมน้ำท่วมรถยนต์'!$DD:$DD,"") -> จ่ายแล้ว/ ยกเลิก | P34: =_xlfn.XLOOKUP(K34,'[1]All เคลมน้ำท่วมรถยนต์'!$C:$C,'[1]All เคลมน้ำท่วมรถยนต์'!$CA:$CA,"") -> ประเภท2+ | Q34: =_xlfn.XLOOKUP(K34,'[1]All เคลมน้ำท่วมรถยนต์'!$C:$C,'[1]All เคลมน้ำท่วมรถยนต์'!$BX:$BX,"") -> 100000 | R34: =_xlfn.XLOOKUP(K34,'[1]All เคลมน้ำท่วมรถยนต์'!$C:$C,'[1]All เคลมน้ำท่วมรถยนต์'!$CB:$CB,"") -> 0 ไม่คุ้มครองภัยน้ำท่วม | S34: =_xlfn.XLOOKUP(L34,[2]รายการรถยนต์!$H:$H,[2]รายการรถยนต์!$J:$J,"") | Z34: =_xlfn.XLOOKUP(K34,'[1]All เคลมน้ำท่วมรถยนต์'!$C:$C,'[1]All เคลมน้ำท่วมรถยนต์'!$CS:$CS,"") -> 0 | AA34: =_xlfn.XLOOKUP(K34,'[1]All เคลมน้ำท่วมรถยนต์'!$C:$C,'[1]All เคลมน้ำท่วมรถยนต์'!$CT:$CT,"") -> ยกเลิกเคลม | AB34: =_xlfn.XLOOKUP(K34,'[1]All เคลมน้ำท่วมรถยนต์'!$C:$C,'[1]All เคลมน้ำท่วมรถยนต์'!$CV:$CV,"") -> 0
A35: 34 | B35: กต-654 | C35: พัทลุง​ | D35: MG | E35: MG3 | F35: ชาว | G35: 46002.5 | I35: ลาน1-ช่องเขา | K35: 502-25-71-RMO-04075 | L35: 502-25-71-CMO-03983 | M35: =_xlfn.XLOOKUP(K35,'[1]All เคลมน้ำท่วมรถยนต์'!$C:$C,'[1]All เคลมน้ำท่วมรถยนต์'!$DC:$DC,"") | O35: =_xlfn.XLOOKUP(K35,'[1]All เคลมน้ำท่วมรถยนต์'!$C:$C,'[1]All เคลมน้ำท่วมรถยนต์'!$DD:$DD,"") -> จ่ายแล้ว/ ยกเลิก | P35: =_xlfn.XLOOKUP(K35,'[1]All เคลมน้ำท่วมรถยนต์'!$C:$C,'[1]All เคลมน้ำท่วมรถยนต์'!$CA:$CA,"") -> ประเภท2+ | Q35: =_xlfn.XLOOKUP(K35,'[1]All เคลมน้ำท่วมรถยนต์'!$C:$C,'[1]All เคลมน้ำท่วมรถยนต์'!$BX:$BX,"") -> 200000 | R35: =_xlfn.XLOOKUP(K35,'[1]All เคลมน้ำท่วมรถยนต์'!$C:$C,'[1]All เคลมน้ำท่วมรถยนต์'!$CB:$CB,"") -> 50000 | S35: =_xlfn.XLOOKUP(L35,[2]รายการรถยนต์!$H:$H,[2]รายการรถยนต์!$J:$J,"") | Z35: =_xlfn.XLOOKUP(K35,'[1]All เคลมน้ำท่วมรถยนต์'!$C:$C,'[1]All เคลมน้ำท่วมรถยนต์'!$CS:$CS,"") -> 50000 | AA35: =_xlfn.XLOOKUP(K35,'[1]All เคลมน้ำท่วมรถยนต์'!$C:$C,'[1]All เคลมน้ำท่วมรถยนต์'!$CT:$CT,"") -> 46009 | AB35: =_xlfn.XLOOKUP(K35,'[1]All เคลมน้ำท่วมรถยนต์'!$C:$C,'[1]All เคลมน้ำท่วมรถยนต์'!$CV:$CV,"") -> คุณ ทศธัญญ์ธร วลีรัตนวงศ์
A36: 35 | B36: ขพ-8030 | C36: สงขลา | D36: HONDA | E36: HR-V | K36: 502-25-71-RMO-04077 | L36: 502-25-71-CMO-04004 | M36: =_xlfn.XLOOKUP(K36,'[1]All เคลมน้ำท่วมรถยนต์'!$C:$C,'[1]All เคลมน้ำท่วมรถยนต์'!$DC:$DC,"") -> อนุมัติ | O36: =_xlfn.XLOOKUP(K36,'[1]All เคลมน้ำท่วมรถยนต์'!$C:$C,'[1]All เคลมน้ำท่วมรถยนต์'!$DD:$DD,"") -> จ่ายแล้ว/ ยกเลิก | P36: =_xlfn.XLOOKUP(K36,'[1]All เคลมน้ำท่วมรถยนต์'!$C:$C,'[1]All เคลมน้ำท่วมรถยนต์'!$CA:$CA,"") -> ประเภท1 | Q36: =_xlfn.XLOOKUP(K36,'[1]All เคลมน้ำท่วมรถยนต์'!$C:$C,'[1]All เคลมน้ำท่วมรถยนต์'!$BX:$BX,"") -> 400000 | R36: =_xlfn.XLOOKUP(K36,'[1]All เคลมน้ำท่วมรถยนต์'!$C:$C,'[1]All เคลมน้ำท่วมรถยนต์'!$CB:$CB,"") -> 400000 | S36: =_xlfn.XLOOKUP(L36,[2]รายการรถยนต์!$H:$H,[2]รายการรถยนต์!$J:$J,"") | Z36: =_xlfn.XLOOKUP(K36,'[1]All เคลมน้ำท่วมรถยนต์'!$C:$C,'[1]All เคลมน้ำท่วมรถยนต์'!$CS:$CS,"") -> 54815.63 | AA36: =_xlfn.XLOOKUP(K36,'[1]All เคลมน้ำท่วมรถยนต์'!$C:$C,'[1]All เคลมน้ำท่วมรถยนต์'!$CT:$CT,"") -> 46021 | AB36: =_xlfn.XLOOKUP(K36,'[1]All เคลมน้ำท่วมรถยนต์'!$C:$C,'[1]All เคลมน้ำท่วมรถยนต์'!$CV:$CV,"") -> นาง สุปราณี บุญธรรม
A37: 36 | B37: งพ-2365 | C37: สงขลา | D37: TOYOTA | E37: CAMRY | F37: ขาว | G37: 46045 | H37: ย้ายลาน | I37: ลาน3-สะพานสูงเทคโน(Motto) | J37: ลาน8-ไฟร์มเครสต์ | K37: 502-25-71-RMO-04078 | L37: 502-25-71-CMO-04002 | M37: =_xlfn.XLOOKUP(K37,'[1]All เคลมน้ำท่วมรถยนต์'!$C:$C,'[1]All เคลมน้ำท่วมรถยนต์'!$DC:$DC,"") -> อนุมัติคืนทุน | O37: =_xlfn.XLOOKUP(K37,'[1]All เคลมน้ำท่วมรถยนต์'!$C:$C,'[1]All เคลมน้ำท่วมรถยนต์'!$DD:$DD,"") -> รอจ่าย (อยู่ในมือพี่ใหม่แล้ว) | P37: =_xlfn.XLOOKUP(K37,'[1]All เคลมน้ำท่วมรถยนต์'!$C:$C,'[1]All เคลมน้ำท่วมรถยนต์'!$CA:$CA,"") -> ประเภท1 | Q37: =_xlfn.XLOOKUP(K37,'[1]All เคลมน้ำท่วมรถยนต์'!$C:$C,'[1]All เคลมน้ำท่วมรถยนต์'!$BX:$BX,"") -> 600000 | R37: =_xlfn.XLOOKUP(K37,'[1]All เคลมน้ำท่วมรถยนต์'!$C:$C,'[1]All เคลมน้ำท่วมรถยนต์'!$CB:$CB,"") -> 600000 | S37: =_xlfn.XLOOKUP(L37,[2]รายการรถยนต์!$H:$H,[2]รายการรถยนต์!$J:$J,"") -> 228000 | Z37: =_xlfn.XLOOKUP(K37,'[1]All เคลมน้ำท่วมรถยนต์'!$C:$C,'[1]All เคลมน้ำท่วมรถยนต์'!$CS:$CS,"") -> 600000 | AA37: =_xlfn.XLOOKUP(K37,'[1]All เคลมน้ำท่วมรถยนต์'!$C:$C,'[1]All เคลมน้ำท่วมรถยนต์'!$CT:$CT,"") | AB37: =_xlfn.XLOOKUP(K37,'[1]All เคลมน้ำท่วมรถยนต์'!$C:$C,'[1]All เคลมน้ำท่วมรถยนต์'!$CV:$CV,"") -> ธนาคาร กรุงศรีอยุธยา จำกัด(มหาชน
A38: 37 | B38: ผธ-3461 | C38: สงขลา | D38: TOYOTA | E38: HILUX VIGO | H38: ซ่อม | K38: 502-25-71-RMO-04079 | L38: 502-25-71-CMO-04006 | M38: =_xlfn.XLOOKUP(K38,'[1]All เคลมน้ำท่วมรถยนต์'!$C:$C,'[1]All เคลมน้ำท่วมรถยนต์'!$DC:$DC,"") -> เข้าซ่อม | O38: =_xlfn.XLOOKUP(K38,'[1]All เคลมน้ำท่วมรถยนต์'!$C:$C,'[1]All เคลมน้ำท่วมรถยนต์'!$DD:$DD,"") -> เข้าซ่อม | P38: =_xlfn.XLOOKUP(K38,'[1]All เคลมน้ำท่วมรถยนต์'!$C:$C,'[1]All เคลมน้ำท่วมรถยนต์'!$CA:$CA,"") -> ประเภท1 | Q38: =_xlfn.XLOOKUP(K38,'[1]All เคลมน้ำท่วมรถยนต์'!$C:$C,'[1]All เคลมน้ำท่วมรถยนต์'!$BX:$BX,"") -> 200000 | R38: =_xlfn.XLOOKUP(K38,'[1]All เคลมน้ำท่วมรถยนต์'!$C:$C,'[1]All เคลมน้ำท่วมรถยนต์'!$CB:$CB,"") -> 0 | S38: =_xlfn.XLOOKUP(L38,[2]รายการรถยนต์!$H:$H,[2]รายการรถยนต์!$J:$J,"") | Z38: =_xlfn.XLOOKUP(K38,'[1]All เคลมน้ำท่วมรถยนต์'!$C:$C,'[1]All เคลมน้ำท่วมรถยนต์'!$CS:$CS,"") -> 0 | AA38: =_xlfn.XLOOKUP(K38,'[1]All เคลมน้ำท่วมรถยนต์'!$C:$C,'[1]All เคลมน้ำท่วมรถยนต์'!$CT:$CT,"") | AB38: =_xlfn.XLOOKUP(K38,'[1]All เคลมน้ำท่วมรถยนต์'!$C:$C,'[1]All เคลมน้ำท่วมรถยนต์'!$CV:$CV,"") -> 0
A39: 38 | B39: ขร-4405 | C39: สงขลา | D39: TOYOTA | E39: Vigo | G39: 46045 | H39: ย้ายลาน | I39: ลาน3-สะพานสูงเทคโน(Motto) | J39: ลาน8-ไฟร์มเครสต์ | K39: 502-25-71-RMO-04080 | L39: 502-25-71-CMO-03985 | M39: =_xlfn.XLOOKUP(K39,'[1]All เคลมน้ำท่วมรถยนต์'!$C:$C,'[1]All เคลมน้ำท่วมรถยนต์'!$DC:$DC,"") -> อนุมัติคืนทุน | O39: =_xlfn.XLOOKUP(K39,'[1]All เคลมน้ำท่วมรถยนต์'!$C:$C,'[1]All เคลมน้ำท่วมรถยนต์'!$DD:$DD,"") -> จ่ายแล้ว/ ยกเลิก | P39: =_xlfn.XLOOKUP(K39,'[1]All เคลมน้ำท่วมรถยนต์'!$C:$C,'[1]All เคลมน้ำท่วมรถยนต์'!$CA:$CA,"") -> ประเภท1 | Q39: =_xlfn.XLOOKUP(K39,'[1]All เคลมน้ำท่วมรถยนต์'!$C:$C,'[1]All เคลมน้ำท่วมรถยนต์'!$BX:$BX,"") -> 210000 | R39: =_xlfn.XLOOKUP(K39,'[1]All เคลมน้ำท่วมรถยนต์'!$C:$C,'[1]All เคลมน้ำท่วมรถยนต์'!$CB:$CB,"") -> 210000 | S39: =_xlfn.XLOOKUP(L39,[2]รายการรถยนต์!$H:$H,[2]รายการรถยนต์!$J:$J,"") -> 79800 | Z39: =_xlfn.XLOOKUP(K39,'[1]All เคลมน้ำท่วมรถยนต์'!$C:$C,'[1]All เคลมน้ำท่วมรถยนต์'!$CS:$CS,"") -> 210000 | AA39: =_xlfn.XLOOKUP(K39,'[1]All เคลมน้ำท่วมรถยนต์'!$C:$C,'[1]All เคลมน้ำท่วมรถยนต์'!$CT:$CT,"") -> 46029 | AB39: =_xlfn.XLOOKUP(K39,'[1]All เคลมน้ำท่วมรถยนต์'!$C:$C,'[1]All เคลมน้ำท่วมรถยนต์'!$CV:$CV,"") -> นางสาว กาญจนา จันทโร
A40: 39 | B40: 7กย-8771 | H40: ซ่อม | K40: 502-25-71-RMO-04082 | L40: 502-25-71-CMO-03986 | M40: =_xlfn.XLOOKUP(K40,'[1]All เคลมน้ำท่วมรถยนต์'!$C:$C,'[1]All เคลมน้ำท่วมรถยนต์'!$DC:$DC,"") -> เข้าซ่อม | O40: =_xlfn.XLOOKUP(K40,'[1]All เคลมน้ำท่วมรถยนต์'!$C:$C,'[1]All เคลมน้ำท่วมรถยนต์'!$DD:$DD,"") -> เข้าซ่อม | P40: =_xlfn.XLOOKUP(K40,'[1]All เคลมน้ำท่วมรถยนต์'!$C:$C,'[1]All เคลมน้ำท่วมรถยนต์'!$CA:$CA,"") -> ประเภท1 | Q40: =_xlfn.XLOOKUP(K40,'[1]All เคลมน้ำท่วมรถยนต์'!$C:$C,'[1]All เคลมน้ำท่วมรถยนต์'!$BX:$BX,"") -> 530000 | R40: =_xlfn.XLOOKUP(K40,'[1]All เคลมน้ำท่วมรถยนต์'!$C:$C,'[1]All เคลมน้ำท่วมรถยนต์'!$CB:$CB,"") -> 11649 | S40: =_xlfn.XLOOKUP(L40,[2]รายการรถยนต์!$H:$H,[2]รายการรถยนต์!$J:$J,"") | Z40: =_xlfn.XLOOKUP(K40,'[1]All เคลมน้ำท่วมรถยนต์'!$C:$C,'[1]All เคลมน้ำท่วมรถยนต์'!$CS:$CS,"") -> 0 | AA40: =_xlfn.XLOOKUP(K40,'[1]All เคลมน้ำท่วมรถยนต์'!$C:$C,'[1]All เคลมน้ำท่วมรถยนต์'!$CT:$CT,"") | AB40: =_xlfn.XLOOKUP(K40,'[1]All เคลมน้ำท่วมรถยนต์'!$C:$C,'[1]All เคลมน้ำท่วมรถยนต์'!$CV:$CV,"") -> 0
A41: 40 | B41: งฉ-2323 | C41: สงขลา | D41: BMW | E41: X1 | F41: ขาว | G41: 46045 | H41: ย้ายลาน | I41: ลาน6 | J41: ลาน8-ไฟร์มเครสต์ | K41: 502-25-71-RMO-04083 | L41: 502-25-71-CMO-04022 | M41: =_xlfn.XLOOKUP(K41,'[1]All เคลมน้ำท่วมรถยนต์'!$C:$C,'[1]All เคลมน้ำท่วมรถยนต์'!$DC:$DC,"") -> อนุมัติคืนทุน | O41: =_xlfn.XLOOKUP(K41,'[1]All เคลมน้ำท่วมรถยนต์'!$C:$C,'[1]All เคลมน้ำท่วมรถยนต์'!$DD:$DD,"") -> leasing | P41: =_xlfn.XLOOKUP(K41,'[1]All เคลมน้ำท่วมรถยนต์'!$C:$C,'[1]All เคลมน้ำท่วมรถยนต์'!$CA:$CA,"") -> ประเภท1 | Q41: =_xlfn.XLOOKUP(K41,'[1]All เคลมน้ำท่วมรถยนต์'!$C:$C,'[1]All เคลมน้ำท่วมรถยนต์'!$BX:$BX,"") -> 1800000 | R41: =_xlfn.XLOOKUP(K41,'[1]All เคลมน้ำท่วมรถยนต์'!$C:$C,'[1]All เคลมน้ำท่วมรถยนต์'!$CB:$CB,"") -> 1800000 | S41: =_xlfn.XLOOKUP(L41,[2]รายการรถยนต์!$H:$H,[2]รายการรถยนต์!$J:$J,"") -> 684000 | Z41: =_xlfn.XLOOKUP(K41,'[1]All เคลมน้ำท่วมรถยนต์'!$C:$C,'[1]All เคลมน้ำท่วมรถยนต์'!$CS:$CS,"") -> 0 | AA41: =_xlfn.XLOOKUP(K41,'[1]All เคลมน้ำท่วมรถยนต์'!$C:$C,'[1]All เคลมน้ำท่วมรถยนต์'!$CT:$CT,"") | AB41: =_xlfn.XLOOKUP(K41,'[1]All เคลมน้ำท่วมรถยนต์'!$C:$C,'[1]All เคลมน้ำท่วมรถยนต์'!$CV:$CV,"") -> 0
A42: 41 | B42: กอ-3198 | C42: สงขลา | D42: TOYOTA | E42: COROLLA | F42: เทา | G42: 46045 | H42: ย้ายลาน | I42: ลาน1-ช่องเขา | J42: ลาน8-ไฟร์มเครสต์ | K42: 502-25-71-RMO-04084 | L42: 502-25-71-CMO-04049 | M42: =_xlfn.XLOOKUP(K42,'[1]All เคลมน้ำท่วมรถยนต์'!$C:$C,'[1]All เคลมน้ำท่วมรถยนต์'!$DC:$DC,"") -> อนุมัติคืนทุน | O42: =_xlfn.XLOOKUP(K42,'[1]All เคลมน้ำท่วมรถยนต์'!$C:$C,'[1]All เคลมน้ำท่วมรถยนต์'!$DD:$DD,"") -> จ่ายแล้ว/ ยกเลิก | P42: =_xlfn.XLOOKUP(K42,'[1]All เคลมน้ำท่วมรถยนต์'!$C:$C,'[1]All เคลมน้ำท่วมรถยนต์'!$CA:$CA,"") -> ประเภท1 | Q42: =_xlfn.XLOOKUP(K42,'[1]All เคลมน้ำท่วมรถยนต์'!$C:$C,'[1]All เคลมน้ำท่วมรถยนต์'!$BX:$BX,"") -> 220000 | R42: =_xlfn.XLOOKUP(K42,'[1]All เคลมน้ำท่วมรถยนต์'!$C:$C,'[1]All เคลมน้ำท่วมรถยนต์'!$CB:$CB,"") -> 220000 | S42: =_xlfn.XLOOKUP(L42,[2]รายการรถยนต์!$H:$H,[2]รายการรถยนต์!$J:$J,"") -> 83600 | Z42: =_xlfn.XLOOKUP(K42,'[1]All เคลมน้ำท่วมรถยนต์'!$C:$C,'[1]All เคลมน้ำท่วมรถยนต์'!$CS:$CS,"") -> 220000 | AA42: =_xlfn.XLOOKUP(K42,'[1]All เคลมน้ำท่วมรถยนต์'!$C:$C,'[1]All เคลมน้ำท่วมรถยนต์'!$CT:$CT,"") -> 46021 | AB42: =_xlfn.XLOOKUP(K42,'[1]All เคลมน้ำท่วมรถยนต์'!$C:$C,'[1]All เคลมน้ำท่วมรถยนต์'!$CV:$CV,"") -> นาย สะเวช ตามสายลม
A43: 42 | B43: 3ขผ-4192 | C43: กรุงเทพฯ | D43: TOYOTA | E43: Prius | F43: ขาว | G43: 46002.474 | I43: ลาน3-สะพานสูงเทคโน(Motto) | J43: ลาน8-ไฟร์มเครสต์ | K43: 502-25-71-RMO-04085 | L43: 502-25-71-CMO-04024 | M43: =_xlfn.XLOOKUP(K43,'[1]All เคลมน้ำท่วมรถยนต์'!$C:$C,'[1]All เคลมน้ำท่วมรถยนต์'!$DC:$DC,"") -> อนุมัติคืนทุน | O43: =_xlfn.XLOOKUP(K43,'[1]All เคลมน้ำท่วมรถยนต์'!$C:$C,'[1]All เคลมน้ำท่วมรถยนต์'!$DD:$DD,"") -> รอจ่าย (อยู่ในมือพี่ใหม่แล้ว) | P43: =_xlfn.XLOOKUP(K43,'[1]All เคลมน้ำท่วมรถยนต์'!$C:$C,'[1]All เคลมน้ำท่วมรถยนต์'!$CA:$CA,"") -> ประเภท1 | Q43: =_xlfn.XLOOKUP(K43,'[1]All เคลมน้ำท่วมรถยนต์'!$C:$C,'[1]All เคลมน้ำท่วมรถยนต์'!$BX:$BX,"") -> 310000 | R43: =_xlfn.XLOOKUP(K43,'[1]All เคลมน้ำท่วมรถยนต์'!$C:$C,'[1]All เคลมน้ำท่วมรถยนต์'!$CB:$CB,"") -> 310000 | S43: =_xlfn.XLOOKUP(L43,[2]รายการรถยนต์!$H:$H,[2]รายการรถยนต์!$J:$J,"") -> 117800 | Z43: =_xlfn.XLOOKUP(K43,'[1]All เคลมน้ำท่วมรถยนต์'!$C:$C,'[1]All เคลมน้ำท่วมรถยนต์'!$CS:$CS,"") -> 310000 | AA43: =_xlfn.XLOOKUP(K43,'[1]All เคลมน้ำท่วมรถยนต์'!$C:$C,'[1]All เคลมน้ำท่วมรถยนต์'!$CT:$CT,"") | AB43: =_xlfn.XLOOKUP(K43,'[1]All เคลมน้ำท่วมรถยนต์'!$C:$C,'[1]All เคลมน้ำท่วมรถยนต์'!$CV:$CV,"") -> นาย ปณิธิ จักรานนท์
A44: 43 | B44: 6ขย-6256 | K44: 502-25-71-RMO-04086 | L44: 502-25-71-CMO-04025 | M44: =_xlfn.XLOOKUP(K44,'[1]All เคลมน้ำท่วมรถยนต์'!$C:$C,'[1]All เคลมน้ำท่วมรถยนต์'!$DC:$DC,"") -> อนุมัติคืนทุน | O44: =_xlfn.XLOOKUP(K44,'[1]All เคลมน้ำท่วมรถยนต์'!$C:$C,'[1]All เคลมน้ำท่วมรถยนต์'!$DD:$DD,"") -> จ่ายแล้ว/ ยกเลิก | P44: =_xlfn.XLOOKUP(K44,'[1]All เคลมน้ำท่วมรถยนต์'!$C:$C,'[1]All เคลมน้ำท่วมรถยนต์'!$CA:$CA,"") -> ประเภท1 | Q44: =_xlfn.XLOOKUP(K44,'[1]All เคลมน้ำท่วมรถยนต์'!$C:$C,'[1]All เคลมน้ำท่วมรถยนต์'!$BX:$BX,"") -> 340000 | R44: =_xlfn.XLOOKUP(K44,'[1]All เคลมน้ำท่วมรถยนต์'!$C:$C,'[1]All เคลมน้ำท่วมรถยนต์'!$CB:$CB,"") -> 340000 | S44: =_xlfn.XLOOKUP(L44,[2]รายการรถยนต์!$H:$H,[2]รายการรถยนต์!$J:$J,"") | Z44: =_xlfn.XLOOKUP(K44,'[1]All เคลมน้ำท่วมรถยนต์'!$C:$C,'[1]All เคลมน้ำท่วมรถยนต์'!$CS:$CS,"") -> 355000 | AA44: =_xlfn.XLOOKUP(K44,'[1]All เคลมน้ำท่วมรถยนต์'!$C:$C,'[1]All เคลมน้ำท่วมรถยนต์'!$CT:$CT,"") -> 46043 | AB44: =_xlfn.XLOOKUP(K44,'[1]All เคลมน้ำท่วมรถยนต์'!$C:$C,'[1]All เคลมน้ำท่วมรถยนต์'!$CV:$CV,"") -> นาย วีรภัทร เดินเมือง
A45: 44 | B45: กค-90 | C45: ยะลา | D45: HONDA | E45: HR-V | K45: 502-25-71-RMO-04087 | L45: 502-25-71-CMO-04023 | M45: =_xlfn.XLOOKUP(K45,'[1]All เคลมน้ำท่วมรถยนต์'!$C:$C,'[1]All เคลมน้ำท่วมรถยนต์'!$DC:$DC,"") | O45: =_xlfn.XLOOKUP(K45,'[1]All เคลมน้ำท่วมรถยนต์'!$C:$C,'[1]All เคลมน้ำท่วมรถยนต์'!$DD:$DD,"") -> จ่ายแล้ว/ ยกเลิก | P45: =_xlfn.XLOOKUP(K45,'[1]All เคลมน้ำท่วมรถยนต์'!$C:$C,'[1]All เคลมน้ำท่วมรถยนต์'!$CA:$CA,"") -> ประเภท2+ | Q45: =_xlfn.XLOOKUP(K45,'[1]All เคลมน้ำท่วมรถยนต์'!$C:$C,'[1]All เคลมน้ำท่วมรถยนต์'!$BX:$BX,"") -> 200000 | R45: =_xlfn.XLOOKUP(K45,'[1]All เคลมน้ำท่วมรถยนต์'!$C:$C,'[1]All เคลมน้ำท่วมรถยนต์'!$CB:$CB,"") -> 0ยกเลิกเคลมไม่เสียหาย | S45: =_xlfn.XLOOKUP(L45,[2]รายการรถยนต์!$H:$H,[2]รายการรถยนต์!$J:$J,"") | Z45: =_xlfn.XLOOKUP(K45,'[1]All เคลมน้ำท่วมรถยนต์'!$C:$C,'[1]All เคลมน้ำท่วมรถยนต์'!$CS:$CS,"") -> 0 | AA45: =_xlfn.XLOOKUP(K45,'[1]All เคลมน้ำท่วมรถยนต์'!$C:$C,'[1]All เคลมน้ำท่วมรถยนต์'!$CT:$CT,"") | AB45: =_xlfn.XLOOKUP(K45,'[1]All เคลมน้ำท่วมรถยนต์'!$C:$C,'[1]All เคลมน้ำท่วมรถยนต์'!$CV:$CV,"") -> 0
A46: 45 | B46: กษ-3355 | C46: สงขลา | D46: TOYOTA | E46: YARISATIV | K46: 502-25-71-RMO-04088 | L46: 502-25-71-CMO-04050 | M46: =_xlfn.XLOOKUP(K46,'[1]All เคลมน้ำท่วมรถยนต์'!$C:$C,'[1]All เคลมน้ำท่วมรถยนต์'!$DC:$DC,"") | O46: =_xlfn.XLOOKUP(K46,'[1]All เคลมน้ำท่วมรถยนต์'!$C:$C,'[1]All เคลมน้ำท่วมรถยนต์'!$DD:$DD,"") -> จ่ายแล้ว/ ยกเลิก | P46: =_xlfn.XLOOKUP(K46,'[1]All เคลมน้ำท่วมรถยนต์'!$C:$C,'[1]All เคลมน้ำท่วมรถยนต์'!$CA:$CA,"") -> ประเภท2+ | Q46: =_xlfn.XLOOKUP(K46,'[1]All เคลมน้ำท่วมรถยนต์'!$C:$C,'[1]All เคลมน้ำท่วมรถยนต์'!$BX:$BX,"") -> 300000 | R46: =_xlfn.XLOOKUP(K46,'[1]All เคลมน้ำท่วมรถยนต์'!$C:$C,'[1]All เคลมน้ำท่วมรถยนต์'!$CB:$CB,"") -> 50000 | S46: =_xlfn.XLOOKUP(L46,[2]รายการรถยนต์!$H:$H,[2]รายการรถยนต์!$J:$J,"") | Z46: =_xlfn.XLOOKUP(K46,'[1]All เคลมน้ำท่วมรถยนต์'!$C:$C,'[1]All เคลมน้ำท่วมรถยนต์'!$CS:$CS,"") -> 50000 | AA46: =_xlfn.XLOOKUP(K46,'[1]All เคลมน้ำท่วมรถยนต์'!$C:$C,'[1]All เคลมน้ำท่วมรถยนต์'!$CT:$CT,"") -> 46007 | AB46: =_xlfn.XLOOKUP(K46,'[1]All เคลมน้ำท่วมรถยนต์'!$C:$C,'[1]All เคลมน้ำท่วมรถยนต์'!$CV:$CV,"") -> ณัชชา นวลน้อย
A47: 46 | B47: ขษ-4349 | C47: สงขลา | D47: HONDA | E47: JAZZ | H47: ซ่อม | K47: 502-25-71-RMO-04089 | L47: 502-25-71-CMO-04052 | M47: =_xlfn.XLOOKUP(K47,'[1]All เคลมน้ำท่วมรถยนต์'!$C:$C,'[1]All เคลมน้ำท่วมรถยนต์'!$DC:$DC,"") -> เข้าซ่อม | O47: =_xlfn.XLOOKUP(K47,'[1]All เคลมน้ำท่วมรถยนต์'!$C:$C,'[1]All เคลมน้ำท่วมรถยนต์'!$DD:$DD,"") -> เข้าซ่อม | P47: =_xlfn.XLOOKUP(K47,'[1]All เคลมน้ำท่วมรถยนต์'!$C:$C,'[1]All เคลมน้ำท่วมรถยนต์'!$CA:$CA,"") -> ประเภท1 | Q47: =_xlfn.XLOOKUP(K47,'[1]All เคลมน้ำท่วมรถยนต์'!$C:$C,'[1]All เคลมน้ำท่วมรถยนต์'!$BX:$BX,"") -> 340000 | R47: =_xlfn.XLOOKUP(K47,'[1]All เคลมน้ำท่วมรถยนต์'!$C:$C,'[1]All เคลมน้ำท่วมรถยนต์'!$CB:$CB,"") -> 30000 | S47: =_xlfn.XLOOKUP(L47,[2]รายการรถยนต์!$H:$H,[2]รายการรถยนต์!$J:$J,"") | Z47: =_xlfn.XLOOKUP(K47,'[1]All เคลมน้ำท่วมรถยนต์'!$C:$C,'[1]All เคลมน้ำท่วมรถยนต์'!$CS:$CS,"") -> 0 | AA47: =_xlfn.XLOOKUP(K47,'[1]All เคลมน้ำท่วมรถยนต์'!$C:$C,'[1]All เคลมน้ำท่วมรถยนต์'!$CT:$CT,"") | AB47: =_xlfn.XLOOKUP(K47,'[1]All เคลมน้ำท่วมรถยนต์'!$C:$C,'[1]All เคลมน้ำท่วมรถยนต์'!$CV:$CV,"") -> 0
A48: 47 | B48: กล-1108 | C48: สงขลา | D48: HONDA | E48: JAZZ | H48: ซ่อม | K48: 502-25-71-RMO-04090 | L48: 502-25-71-CMO-04026 | M48: =_xlfn.XLOOKUP(K48,'[1]All เคลมน้ำท่วมรถยนต์'!$C:$C,'[1]All เคลมน้ำท่วมรถยนต์'!$DC:$DC,"") -> อนุมัติเหมาซ่อม | O48: =_xlfn.XLOOKUP(K48,'[1]All เคลมน้ำท่วมรถยนต์'!$C:$C,'[1]All เคลมน้ำท่วมรถยนต์'!$DD:$DD,"") -> จ่ายแล้ว/ ยกเลิก | P48: =_xlfn.XLOOKUP(K48,'[1]All เคลมน้ำท่วมรถยนต์'!$C:$C,'[1]All เคลมน้ำท่วมรถยนต์'!$CA:$CA,"") -> ประเภท2+ | Q48: =_xlfn.XLOOKUP(K48,'[1]All เคลมน้ำท่วมรถยนต์'!$C:$C,'[1]All เคลมน้ำท่วมรถยนต์'!$BX:$BX,"") -> 100000 | R48: =_xlfn.XLOOKUP(K48,'[1]All เคลมน้ำท่วมรถยนต์'!$C:$C,'[1]All เคลมน้ำท่วมรถยนต์'!$CB:$CB,"") -> 100000 | S48: =_xlfn.XLOOKUP(L48,[2]รายการรถยนต์!$H:$H,[2]รายการรถยนต์!$J:$J,"") | Z48: =_xlfn.XLOOKUP(K48,'[1]All เคลมน้ำท่วมรถยนต์'!$C:$C,'[1]All เคลมน้ำท่วมรถยนต์'!$CS:$CS,"") -> 19883 | AA48: =_xlfn.XLOOKUP(K48,'[1]All เคลมน้ำท่วมรถยนต์'!$C:$C,'[1]All เคลมน้ำท่วมรถยนต์'!$CT:$CT,"") -> 46045 | AB48: =_xlfn.XLOOKUP(K48,'[1]All เคลมน้ำท่วมรถยนต์'!$C:$C,'[1]All เคลมน้ำท่วมรถยนต์'!$CV:$CV,"") -> อู่ พัฒนทรัพย์ การช่าง
A49: 48 | B49: บจ-8814 | C49: สตูล | D49: ISUZU | E49: D-MAX | F49: เงิน | G49: 46045 | H49: ย้ายลาน | I49: ลาน7-ธรรมกาย | J49: ลาน8-ไฟร์มเครสต์ | K49: 502-25-71-RMO-04091 | L49: 502-25-71-CMO-04020 | M49: =_xlfn.XLOOKUP(K49,'[1]All เคลมน้ำท่วมรถยนต์'!$C:$C,'[1]All เคลมน้ำท่วมรถยนต์'!$DC:$DC,"") -> อนุมัติคืนทุน | O49: =_xlfn.XLOOKUP(K49,'[1]All เคลมน้ำท่วมรถยนต์'!$C:$C,'[1]All เคลมน้ำท่วมรถยนต์'!$DD:$DD,"") -> leasing | P49: =_xlfn.XLOOKUP(K49,'[1]All เคลมน้ำท่วมรถยนต์'!$C:$C,'[1]All เคลมน้ำท่วมรถยนต์'!$CA:$CA,"") -> ประเภท1 | Q49: =_xlfn.XLOOKUP(K49,'[1]All เคลมน้ำท่วมรถยนต์'!$C:$C,'[1]All เคลมน้ำท่วมรถยนต์'!$BX:$BX,"") -> 400000 | R49: =_xlfn.XLOOKUP(K49,'[1]All เคลมน้ำท่วมรถยนต์'!$C:$C,'[1]All เคลมน้ำท่วมรถยนต์'!$CB:$CB,"") -> 400000 | S49: =_xlfn.XLOOKUP(L49,[2]รายการรถยนต์!$H:$H,[2]รายการรถยนต์!$J:$J,"") -> 152000 | Z49: =_xlfn.XLOOKUP(K49,'[1]All เคลมน้ำท่วมรถยนต์'!$C:$C,'[1]All เคลมน้ำท่วมรถยนต์'!$CS:$CS,"") -> 0 | AA49: =_xlfn.XLOOKUP(K49,'[1]All เคลมน้ำท่วมรถยนต์'!$C:$C,'[1]All เคลมน้ำท่วมรถยนต์'!$CT:$CT,"") | AB49: =_xlfn.XLOOKUP(K49,'[1]All เคลมน้ำท่วมรถยนต์'!$C:$C,'[1]All เคลมน้ำท่วมรถยนต์'!$CV:$CV,"") -> 0
A50: 49 | B50: งค-3818 | C50: สงขลา | D50: SUZUKI | E50: SWIFT 1.2 | K50: 502-25-71-RMO-04092 | L50: 502-25-71-CMO-04048 | M50: =_xlfn.XLOOKUP(K50,'[1]All เคลมน้ำท่วมรถยนต์'!$C:$C,'[1]All เคลมน้ำท่วมรถยนต์'!$DC:$DC,"") -> อนุมัติ | O50: =_xlfn.XLOOKUP(K50,'[1]All เคลมน้ำท่วมรถยนต์'!$C:$C,'[1]All เคลมน้ำท่วมรถยนต์'!$DD:$DD,"") -> จ่ายแล้ว/ ยกเลิก | P50: =_xlfn.XLOOKUP(K50,'[1]All เคลมน้ำท่วมรถยนต์'!$C:$C,'[1]All เคลมน้ำท่วมรถยนต์'!$CA:$CA,"") -> ประเภท1 | Q50: =_xlfn.XLOOKUP(K50,'[1]All เคลมน้ำท่วมรถยนต์'!$C:$C,'[1]All เคลมน้ำท่วมรถยนต์'!$BX:$BX,"") -> 170000 | R50: =_xlfn.XLOOKUP(K50,'[1]All เคลมน้ำท่วมรถยนต์'!$C:$C,'[1]All เคลมน้ำท่วมรถยนต์'!$CB:$CB,"") -> 170000 | S50: =_xlfn.XLOOKUP(L50,[2]รายการรถยนต์!$H:$H,[2]รายการรถยนต์!$J:$J,"") | Z50: =_xlfn.XLOOKUP(K50,'[1]All เคลมน้ำท่วมรถยนต์'!$C:$C,'[1]All เคลมน้ำท่วมรถยนต์'!$CS:$CS,"") -> 9812 | AA50: =_xlfn.XLOOKUP(K50,'[1]All เคลมน้ำท่วมรถยนต์'!$C:$C,'[1]All เคลมน้ำท่วมรถยนต์'!$CT:$CT,"") -> 46045 | AB50: =_xlfn.XLOOKUP(K50,'[1]All เคลมน้ำท่วมรถยนต์'!$C:$C,'[1]All เคลมน้ำท่วมรถยนต์'!$CV:$CV,"") -> อู่เอ็ม เซอร์วิส
A51: 50 | B51: กง-2565 | C51: สตูล | D51: MAZDA | E51: 2 | H51: ซ่อม | K51: 502-25-71-RMO-04093 | L51: 502-25-71-CMO-04027 | M51: =_xlfn.XLOOKUP(K51,'[1]All เคลมน้ำท่วมรถยนต์'!$C:$C,'[1]All เคลมน้ำท่วมรถยนต์'!$DC:$DC,"") -> เข้าซ่อม | O51: =_xlfn.XLOOKUP(K51,'[1]All เคลมน้ำท่วมรถยนต์'!$C:$C,'[1]All เคลมน้ำท่วมรถยนต์'!$DD:$DD,"") -> เข้าซ่อม | P51: =_xlfn.XLOOKUP(K51,'[1]All เคลมน้ำท่วมรถยนต์'!$C:$C,'[1]All เคลมน้ำท่วมรถยนต์'!$CA:$CA,"") -> ประเภท1 | Q51: =_xlfn.XLOOKUP(K51,'[1]All เคลมน้ำท่วมรถยนต์'!$C:$C,'[1]All เคลมน้ำท่วมรถยนต์'!$BX:$BX,"") -> 240000 | R51: =_xlfn.XLOOKUP(K51,'[1]All เคลมน้ำท่วมรถยนต์'!$C:$C,'[1]All เคลมน้ำท่วมรถยนต์'!$CB:$CB,"") -> 50000 | S51: =_xlfn.XLOOKUP(L51,[2]รายการรถยนต์!$H:$H,[2]รายการรถยนต์!$J:$J,"") | Z51: =_xlfn.XLOOKUP(K51,'[1]All เคลมน้ำท่วมรถยนต์'!$C:$C,'[1]All เคลมน้ำท่วมรถยนต์'!$CS:$CS,"") -> 0 | AA51: =_xlfn.XLOOKUP(K51,'[1]All เคลมน้ำท่วมรถยนต์'!$C:$C,'[1]All เคลมน้ำท่วมรถยนต์'!$CT:$CT,"") | AB51: =_xlfn.XLOOKUP(K51,'[1]All เคลมน้ำท่วมรถยนต์'!$C:$C,'[1]All เคลมน้ำท่วมรถยนต์'!$CV:$CV,"") -> 0
A52: 51 | B52: ขว-4654 | C52: สงขลา | D52: HONDA | E52: CIVIC | F52: ดำ | G52: 46002.417 | I52: ลาน1-ช่องเขา | K52: 502-25-71-RMO-04094 | L52: 502-25-71-CMO-04051 | M52: =_xlfn.XLOOKUP(K52,'[1]All เคลมน้ำท่วมรถยนต์'!$C:$C,'[1]All เคลมน้ำท่วมรถยนต์'!$DC:$DC,"") -> อนุมัติคืนทุน | O52: =_xlfn.XLOOKUP(K52,'[1]All เคลมน้ำท่วมรถยนต์'!$C:$C,'[1]All เคลมน้ำท่วมรถยนต์'!$DD:$DD,"") -> leasing | P52: =_xlfn.XLOOKUP(K52,'[1]All เคลมน้ำท่วมรถยนต์'!$C:$C,'[1]All เคลมน้ำท่วมรถยนต์'!$CA:$CA,"") -> ประเภท1 | Q52: =_xlfn.XLOOKUP(K52,'[1]All เคลมน้ำท่วมรถยนต์'!$C:$C,'[1]All เคลมน้ำท่วมรถยนต์'!$BX:$BX,"") -> 400000 | R52: =_xlfn.XLOOKUP(K52,'[1]All เคลมน้ำท่วมรถยนต์'!$C:$C,'[1]All เคลมน้ำท่วมรถยนต์'!$CB:$CB,"") -> 400000 | S52: =_xlfn.XLOOKUP(L52,[2]รายการรถยนต์!$H:$H,[2]รายการรถยนต์!$J:$J,"") | Z52: =_xlfn.XLOOKUP(K52,'[1]All เคลมน้ำท่วมรถยนต์'!$C:$C,'[1]All เคลมน้ำท่วมรถยนต์'!$CS:$CS,"") -> 0 | AA52: =_xlfn.XLOOKUP(K52,'[1]All เคลมน้ำท่วมรถยนต์'!$C:$C,'[1]All เคลมน้ำท่วมรถยนต์'!$CT:$CT,"") | AB52: =_xlfn.XLOOKUP(K52,'[1]All เคลมน้ำท่วมรถยนต์'!$C:$C,'[1]All เคลมน้ำท่วมรถยนต์'!$CV:$CV,"") -> 0
A53: 52 | B53: 6กถ-8895 | H53: ซ่อม | K53: 502-25-71-RMO-04095 | L53: 502-25-71-CMO-04021 | M53: =_xlfn.XLOOKUP(K53,'[1]All เคลมน้ำท่วมรถยนต์'!$C:$C,'[1]All เคลมน้ำท่วมรถยนต์'!$DC:$DC,"") -> เข้าซ่อม | O53: =_xlfn.XLOOKUP(K53,'[1]All เคลมน้ำท่วมรถยนต์'!$C:$C,'[1]All เคลมน้ำท่วมรถยนต์'!$DD:$DD,"") -> เข้าซ่อม | P53: =_xlfn.XLOOKUP(K53,'[1]All เคลมน้ำท่วมรถยนต์'!$C:$C,'[1]All เคลมน้ำท่วมรถยนต์'!$CA:$CA,"") -> ประเภท1 | Q53: =_xlfn.XLOOKUP(K53,'[1]All เคลมน้ำท่วมรถยนต์'!$C:$C,'[1]All เคลมน้ำท่วมรถยนต์'!$BX:$BX,"") -> 520000 | R53: =_xlfn.XLOOKUP(K53,'[1]All เคลมน้ำท่วมรถยนต์'!$C:$C,'[1]All เคลมน้ำท่วมรถยนต์'!$CB:$CB,"") -> 100000 | S53: =_xlfn.XLOOKUP(L53,[2]รายการรถยนต์!$H:$H,[2]รายการรถยนต์!$J:$J,"") | Z53: =_xlfn.XLOOKUP(K53,'[1]All เคลมน้ำท่วมรถยนต์'!$C:$C,'[1]All เคลมน้ำท่วมรถยนต์'!$CS:$CS,"") -> 0 | AA53: =_xlfn.XLOOKUP(K53,'[1]All เคลมน้ำท่วมรถยนต์'!$C:$C,'[1]All เคลมน้ำท่วมรถยนต์'!$CT:$CT,"") | AB53: =_xlfn.XLOOKUP(K53,'[1]All เคลมน้ำท่วมรถยนต์'!$C:$C,'[1]All เคลมน้ำท่วมรถยนต์'!$CV:$CV,"") -> 0
A54: 53 | B54: ขม-2323 | C54: สงขลา | D54: MERCEDES-BENZ | E54: E220 | F54: ดำ | G54: 46002.424 | I54: ลาน7-ธรรมกาย | K54: 502-25-71-RMO-04096 | L54: 502-25-71-CMO-04028 | M54: =_xlfn.XLOOKUP(K54,'[1]All เคลมน้ำท่วมรถยนต์'!$C:$C,'[1]All เคลมน้ำท่วมรถยนต์'!$DC:$DC,"") -> อนุมัติคืนทุน | O54: =_xlfn.XLOOKUP(K54,'[1]All เคลมน้ำท่วมรถยนต์'!$C:$C,'[1]All เคลมน้ำท่วมรถยนต์'!$DD:$DD,"") -> จ่ายแล้ว/ ยกเลิก | P54: =_xlfn.XLOOKUP(K54,'[1]All เคลมน้ำท่วมรถยนต์'!$C:$C,'[1]All เคลมน้ำท่วมรถยนต์'!$CA:$CA,"") -> ประเภท1 | Q54: =_xlfn.XLOOKUP(K54,'[1]All เคลมน้ำท่วมรถยนต์'!$C:$C,'[1]All เคลมน้ำท่วมรถยนต์'!$BX:$BX,"") -> 1200000 | R54: =_xlfn.XLOOKUP(K54,'[1]All เคลมน้ำท่วมรถยนต์'!$C:$C,'[1]All เคลมน้ำท่วมรถยนต์'!$CB:$CB,"") -> 1200000 | S54: =_xlfn.XLOOKUP(L54,[2]รายการรถยนต์!$H:$H,[2]รายการรถยนต์!$J:$J,"") | Z54: =_xlfn.XLOOKUP(K54,'[1]All เคลมน้ำท่วมรถยนต์'!$C:$C,'[1]All เคลมน้ำท่วมรถยนต์'!$CS:$CS,"") -> 1200000 | AA54: =_xlfn.XLOOKUP(K54,'[1]All เคลมน้ำท่วมรถยนต์'!$C:$C,'[1]All เคลมน้ำท่วมรถยนต์'!$CT:$CT,"") -> 46029 | AB54: =_xlfn.XLOOKUP(K54,'[1]All เคลมน้ำท่วมรถยนต์'!$C:$C,'[1]All เคลมน้ำท่วมรถยนต์'!$CV:$CV,"") -> บริษัท โฮมเมนู จำกัด จำกัด
A55: 54 | B55: ผฉ-6551 | C55: สงขลา | D55: ISUZU | E55: D-MAX | H55: ซ่อม | K55: 502-25-71-RMO-04099 | L55: 502-25-71-CMO-04031 | M55: =_xlfn.XLOOKUP(K55,'[1]All เคลมน้ำท่วมรถยนต์'!$C:$C,'[1]All เคลมน้ำท่วมรถยนต์'!$DC:$DC,"") -> เข้าซ่อม | O55: =_xlfn.XLOOKUP(K55,'[1]All เคลมน้ำท่วมรถยนต์'!$C:$C,'[1]All เคลมน้ำท่วมรถยนต์'!$DD:$DD,"") -> เข้าซ่อม | P55: =_xlfn.XLOOKUP(K55,'[1]All เคลมน้ำท่วมรถยนต์'!$C:$C,'[1]All เคลมน้ำท่วมรถยนต์'!$CA:$CA,"") -> ประเภท1 | Q55: =_xlfn.XLOOKUP(K55,'[1]All เคลมน้ำท่วมรถยนต์'!$C:$C,'[1]All เคลมน้ำท่วมรถยนต์'!$BX:$BX,"") -> 290000 | R55: =_xlfn.XLOOKUP(K55,'[1]All เคลมน้ำท่วมรถยนต์'!$C:$C,'[1]All เคลมน้ำท่วมรถยนต์'!$CB:$CB,"") -> 4708 | S55: =_xlfn.XLOOKUP(L55,[2]รายการรถยนต์!$H:$H,[2]รายการรถยนต์!$J:$J,"") | Z55: =_xlfn.XLOOKUP(K55,'[1]All เคลมน้ำท่วมรถยนต์'!$C:$C,'[1]All เคลมน้ำท่วมรถยนต์'!$CS:$CS,"") -> 0 | AA55: =_xlfn.XLOOKUP(K55,'[1]All เคลมน้ำท่วมรถยนต์'!$C:$C,'[1]All เคลมน้ำท่วมรถยนต์'!$CT:$CT,"") | AB55: =_xlfn.XLOOKUP(K55,'[1]All เคลมน้ำท่วมรถยนต์'!$C:$C,'[1]All เคลมน้ำท่วมรถยนต์'!$CV:$CV,"") -> 0
A56: 55 | B56: ขฉ-4014 | F56: ขาว | G56: 46002.509 | I56: ลาน1-ช่องเขา | K56: 502-25-71-RMO-04100 | L56: 502-25-71-CMO-04055 | M56: =_xlfn.XLOOKUP(K56,'[1]All เคลมน้ำท่วมรถยนต์'!$C:$C,'[1]All เคลมน้ำท่วมรถยนต์'!$DC:$DC,"") -> อนุมัติคืนทุน | O56: =_xlfn.XLOOKUP(K56,'[1]All เคลมน้ำท่วมรถยนต์'!$C:$C,'[1]All เคลมน้ำท่วมรถยนต์'!$DD:$DD,"") -> จ่ายแล้ว/ ยกเลิก | P56: =_xlfn.XLOOKUP(K56,'[1]All เคลมน้ำท่วมรถยนต์'!$C:$C,'[1]All เคลมน้ำท่วมรถยนต์'!$CA:$CA,"") -> ประเภท1 | Q56: =_xlfn.XLOOKUP(K56,'[1]All เคลมน้ำท่วมรถยนต์'!$C:$C,'[1]All เคลมน้ำท่วมรถยนต์'!$BX:$BX,"") -> 270000 | R56: =_xlfn.XLOOKUP(K56,'[1]All เคลมน้ำท่วมรถยนต์'!$C:$C,'[1]All เคลมน้ำท่วมรถยนต์'!$CB:$CB,"") -> 270000 | S56: =_xlfn.XLOOKUP(L56,[2]รายการรถยนต์!$H:$H,[2]รายการรถยนต์!$J:$J,"") | Z56: =_xlfn.XLOOKUP(K56,'[1]All เคลมน้ำท่วมรถยนต์'!$C:$C,'[1]All เคลมน้ำท่วมรถยนต์'!$CS:$CS,"") -> 270000 | AA56: =_xlfn.XLOOKUP(K56,'[1]All เคลมน้ำท่วมรถยนต์'!$C:$C,'[1]All เคลมน้ำท่วมรถยนต์'!$CT:$CT,"") -> 46021 | AB56: =_xlfn.XLOOKUP(K56,'[1]All เคลมน้ำท่วมรถยนต์'!$C:$C,'[1]All เคลมน้ำท่วมรถยนต์'!$CV:$CV,"") -> นาย แสน สุขใส
A57: 56 | B57: ขล-3506 | C57: สงขลา | D57: MAZDA | E57: 2 | F57: ขาว | G57: 46045 | H57: ย้ายลาน | I57: ลาน1-ช่องเขา | J57: ลาน8-ไฟร์มเครสต์ | K57: 502-25-71-RMO-04101 | L57: 502-25-71-CMO-04053 | M57: =_xlfn.XLOOKUP(K57,'[1]All เคลมน้ำท่วมรถยนต์'!$C:$C,'[1]All เคลมน้ำท่วมรถยนต์'!$DC:$DC,"") -> อนุมัติคืนทุน | O57: =_xlfn.XLOOKUP(K57,'[1]All เคลมน้ำท่วมรถยนต์'!$C:$C,'[1]All เคลมน้ำท่วมรถยนต์'!$DD:$DD,"") -> จ่ายแล้ว/ ยกเลิก | P57: =_xlfn.XLOOKUP(K57,'[1]All เคลมน้ำท่วมรถยนต์'!$C:$C,'[1]All เคลมน้ำท่วมรถยนต์'!$CA:$CA,"") -> ประเภท1 | Q57: =_xlfn.XLOOKUP(K57,'[1]All เคลมน้ำท่วมรถยนต์'!$C:$C,'[1]All เคลมน้ำท่วมรถยนต์'!$BX:$BX,"") -> 300000 | R57: =_xlfn.XLOOKUP(K57,'[1]All เคลมน้ำท่วมรถยนต์'!$C:$C,'[1]All เคลมน้ำท่วมรถยนต์'!$CB:$CB,"") -> 300000 | S57: =_xlfn.XLOOKUP(L57,[2]รายการรถยนต์!$H:$H,[2]รายการรถยนต์!$J:$J,"") -> 114000 | Z57: =_xlfn.XLOOKUP(K57,'[1]All เคลมน้ำท่วมรถยนต์'!$C:$C,'[1]All เคลมน้ำท่วมรถยนต์'!$CS:$CS,"") -> 300000 | AA57: =_xlfn.XLOOKUP(K57,'[1]All เคลมน้ำท่วมรถยนต์'!$C:$C,'[1]All เคลมน้ำท่วมรถยนต์'!$CT:$CT,"") -> 46035 | AB57: =_xlfn.XLOOKUP(K57,'[1]All เคลมน้ำท่วมรถยนต์'!$C:$C,'[1]All เคลมน้ำท่วมรถยนต์'!$CV:$CV,"") -> นางสาว สาวิตรี สีมะฆะ
A58: 57 | B58: กต-6367 | C58: ปัตตานี | D58: NISSAN | E58: ALMERA 1.0 | H58: ซ่อม | K58: 502-25-71-RMO-04102 | L58: 502-25-71-CMO-04032 | M58: =_xlfn.XLOOKUP(K58,'[1]All เคลมน้ำท่วมรถยนต์'!$C:$C,'[1]All เคลมน้ำท่วมรถยนต์'!$DC:$DC,"") -> เข้าซ่อม | O58: =_xlfn.XLOOKUP(K58,'[1]All เคลมน้ำท่วมรถยนต์'!$C:$C,'[1]All เคลมน้ำท่วมรถยนต์'!$DD:$DD,"") -> เข้าซ่อม | P58: =_xlfn.XLOOKUP(K58,'[1]All เคลมน้ำท่วมรถยนต์'!$C:$C,'[1]All เคลมน้ำท่วมรถยนต์'!$CA:$CA,"") -> ประเภท1 | Q58: =_xlfn.XLOOKUP(K58,'[1]All เคลมน้ำท่วมรถยนต์'!$C:$C,'[1]All เคลมน้ำท่วมรถยนต์'!$BX:$BX,"") -> 370000 | R58: =_xlfn.XLOOKUP(K58,'[1]All เคลมน้ำท่วมรถยนต์'!$C:$C,'[1]All เคลมน้ำท่วมรถยนต์'!$CB:$CB,"") -> 100000 | S58: =_xlfn.XLOOKUP(L58,[2]รายการรถยนต์!$H:$H,[2]รายการรถยนต์!$J:$J,"") | Z58: =_xlfn.XLOOKUP(K58,'[1]All เคลมน้ำท่วมรถยนต์'!$C:$C,'[1]All เคลมน้ำท่วมรถยนต์'!$CS:$CS,"") -> 0 | AA58: =_xlfn.XLOOKUP(K58,'[1]All เคลมน้ำท่วมรถยนต์'!$C:$C,'[1]All เคลมน้ำท่วมรถยนต์'!$CT:$CT,"") | AB58: =_xlfn.XLOOKUP(K58,'[1]All เคลมน้ำท่วมรถยนต์'!$C:$C,'[1]All เคลมน้ำท่วมรถยนต์'!$CV:$CV,"") -> 0
A59: 58 | B59: ขฉ-2695 | C59: สงขลา | D59: ISUZU | E59: D-MAX | K59: 502-25-71-RMO-04103 | L59: 502-25-71-CMO-04054 | M59: =_xlfn.XLOOKUP(K59,'[1]All เคลมน้ำท่วมรถยนต์'!$C:$C,'[1]All เคลมน้ำท่วมรถยนต์'!$DC:$DC,"") | O59: =_xlfn.XLOOKUP(K59,'[1]All เคลมน้ำท่วมรถยนต์'!$C:$C,'[1]All เคลมน้ำท่วมรถยนต์'!$DD:$DD,"") -> จ่ายแล้ว/ ยกเลิก | P59: =_xlfn.XLOOKUP(K59,'[1]All เคลมน้ำท่วมรถยนต์'!$C:$C,'[1]All เคลมน้ำท่วมรถยนต์'!$CA:$CA,"") -> ประเภท2+ | Q59: =_xlfn.XLOOKUP(K59,'[1]All เคลมน้ำท่วมรถยนต์'!$C:$C,'[1]All เคลมน้ำท่วมรถยนต์'!$BX:$BX,"") -> 200000 | R59: =_xlfn.XLOOKUP(K59,'[1]All เคลมน้ำท่วมรถยนต์'!$C:$C,'[1]All เคลมน้ำท่วมรถยนต์'!$CB:$CB,"") -> 50000 | S59: =_xlfn.XLOOKUP(L59,[2]รายการรถยนต์!$H:$H,[2]รายการรถยนต์!$J:$J,"") | Z59: =_xlfn.XLOOKUP(K59,'[1]All เคลมน้ำท่วมรถยนต์'!$C:$C,'[1]All เคลมน้ำท่วมรถยนต์'!$CS:$CS,"") -> 50000 | AA59: =_xlfn.XLOOKUP(K59,'[1]All เคลมน้ำท่วมรถยนต์'!$C:$C,'[1]All เคลมน้ำท่วมรถยนต์'!$CT:$CT,"") -> 46015 | AB59: =_xlfn.XLOOKUP(K59,'[1]All เคลมน้ำท่วมรถยนต์'!$C:$C,'[1]All เคลมน้ำท่วมรถยนต์'!$CV:$CV,"") -> คุณ ประจวบ รามวงศ์
A60: 59 | B60: กล-9903 | C60: สุราษฎร์ธานี | D60: TOYOTA | E60: VIOS | F60: เทา | G60: 46002.418 | I60: ลาน1-ช่องเขา | K60: 502-25-71-RMO-04104 | L60: 502-25-71-CMO-04061 | M60: =_xlfn.XLOOKUP(K60,'[1]All เคลมน้ำท่วมรถยนต์'!$C:$C,'[1]All เคลมน้ำท่วมรถยนต์'!$DC:$DC,"") | O60: =_xlfn.XLOOKUP(K60,'[1]All เคลมน้ำท่วมรถยนต์'!$C:$C,'[1]All เคลมน้ำท่วมรถยนต์'!$DD:$DD,"") -> จ่ายแล้ว/ ยกเลิก | P60: =_xlfn.XLOOKUP(K60,'[1]All เคลมน้ำท่วมรถยนต์'!$C:$C,'[1]All เคลมน้ำท่วมรถยนต์'!$CA:$CA,"") -> ประเภท2+ | Q60: =_xlfn.XLOOKUP(K60,'[1]All เคลมน้ำท่วมรถยนต์'!$C:$C,'[1]All เคลมน้ำท่วมรถยนต์'!$BX:$BX,"") -> 100000 | R60: =_xlfn.XLOOKUP(K60,'[1]All เคลมน้ำท่วมรถยนต์'!$C:$C,'[1]All เคลมน้ำท่วมรถยนต์'!$CB:$CB,"") -> 100000 | S60: =_xlfn.XLOOKUP(L60,[2]รายการรถยนต์!$H:$H,[2]รายการรถยนต์!$J:$J,"") | Z60: =_xlfn.XLOOKUP(K60,'[1]All เคลมน้ำท่วมรถยนต์'!$C:$C,'[1]All เคลมน้ำท่วมรถยนต์'!$CS:$CS,"") -> 100000 | AA60: =_xlfn.XLOOKUP(K60,'[1]All เคลมน้ำท่วมรถยนต์'!$C:$C,'[1]All เคลมน้ำท่วมรถยนต์'!$CT:$CT,"") -> 46015 | AB60: =_xlfn.XLOOKUP(K60,'[1]All เคลมน้ำท่วมรถยนต์'!$C:$C,'[1]All เคลมน้ำท่วมรถยนต์'!$CV:$CV,"") -> คุณ สุชาดา มีแสง
A61: 60 | B61: ญษ-7343 | K61: 502-25-71-RMO-04105 | L61: 502-25-71-CMO-04056 | M61: =_xlfn.XLOOKUP(K61,'[1]All เคลมน้ำท่วมรถยนต์'!$C:$C,'[1]All เคลมน้ำท่วมรถยนต์'!$DC:$DC,"") -> อนุมัติ | O61: =_xlfn.XLOOKUP(K61,'[1]All เคลมน้ำท่วมรถยนต์'!$C:$C,'[1]All เคลมน้ำท่วมรถยนต์'!$DD:$DD,"") -> เข้าซ่อม | P61: =_xlfn.XLOOKUP(K61,'[1]All เคลมน้ำท่วมรถยนต์'!$C:$C,'[1]All เคลมน้ำท่วมรถยนต์'!$CA:$CA,"") -> ประเภท1 | Q61: =_xlfn.XLOOKUP(K61,'[1]All เคลมน้ำท่วมรถยนต์'!$C:$C,'[1]All เคลมน้ำท่วมรถยนต์'!$BX:$BX,"") -> 140000 | R61: =_xlfn.XLOOKUP(K61,'[1]All เคลมน้ำท่วมรถยนต์'!$C:$C,'[1]All เคลมน้ำท่วมรถยนต์'!$CB:$CB,"") -> 100000 | S61: =_xlfn.XLOOKUP(L61,[2]รายการรถยนต์!$H:$H,[2]รายการรถยนต์!$J:$J,"") | Z61: =_xlfn.XLOOKUP(K61,'[1]All เคลมน้ำท่วมรถยนต์'!$C:$C,'[1]All เคลมน้ำท่วมรถยนต์'!$CS:$CS,"") -> 0 | AA61: =_xlfn.XLOOKUP(K61,'[1]All เคลมน้ำท่วมรถยนต์'!$C:$C,'[1]All เคลมน้ำท่วมรถยนต์'!$CT:$CT,"") | AB61: =_xlfn.XLOOKUP(K61,'[1]All เคลมน้ำท่วมรถยนต์'!$C:$C,'[1]All เคลมน้ำท่วมรถยนต์'!$CV:$CV,"") -> 0
A62: 61 | B62: งน-53 | F62: ดำ | G62: 46002.417 | I62: ลาน1-ช่องเขา | K62: 502-25-71-RMO-04106 | L62: 502-25-71-CMO-04059 | M62: =_xlfn.XLOOKUP(K62,'[1]All เคลมน้ำท่วมรถยนต์'!$C:$C,'[1]All เคลมน้ำท่วมรถยนต์'!$DC:$DC,"") -> อนุมัติคืนทุน | O62: =_xlfn.XLOOKUP(K62,'[1]All เคลมน้ำท่วมรถยนต์'!$C:$C,'[1]All เคลมน้ำท่วมรถยนต์'!$DD:$DD,"") -> จ่ายแล้ว/ ยกเลิก | P62: =_xlfn.XLOOKUP(K62,'[1]All เคลมน้ำท่วมรถยนต์'!$C:$C,'[1]All เคลมน้ำท่วมรถยนต์'!$CA:$CA,"") -> ประเภท1 | Q62: =_xlfn.XLOOKUP(K62,'[1]All เคลมน้ำท่วมรถยนต์'!$C:$C,'[1]All เคลมน้ำท่วมรถยนต์'!$BX:$BX,"") -> 2600000 | R62: =_xlfn.XLOOKUP(K62,'[1]All เคลมน้ำท่วมรถยนต์'!$C:$C,'[1]All เคลมน้ำท่วมรถยนต์'!$CB:$CB,"") -> 2600000 | S62: =_xlfn.XLOOKUP(L62,[2]รายการรถยนต์!$H:$H,[2]รายการรถยนต์!$J:$J,"") | Z62: =_xlfn.XLOOKUP(K62,'[1]All เคลมน้ำท่วมรถยนต์'!$C:$C,'[1]All เคลมน้ำท่วมรถยนต์'!$CS:$CS,"") -> 2600000 | AA62: =_xlfn.XLOOKUP(K62,'[1]All เคลมน้ำท่วมรถยนต์'!$C:$C,'[1]All เคลมน้ำท่วมรถยนต์'!$CT:$CT,"") -> 46021 | AB62: =_xlfn.XLOOKUP(K62,'[1]All เคลมน้ำท่วมรถยนต์'!$C:$C,'[1]All เคลมน้ำท่วมรถยนต์'!$CV:$CV,"") -> นาย วรายุทธ์ มุกดา
A63: 62 | B63: งต-7592 | C63: สงขลา | D63: FORD | E63: FIESTA | F63: ขาว | G63: 46045 | H63: ย้ายลาน | I63: ลาน3-สะพานสูงเทคโน(Motto) | J63: ลาน8-ไฟร์มเครสต์ | K63: 502-25-71-RMO-04107 | L63: 502-25-71-CMO-04033 | M63: =_xlfn.XLOOKUP(K63,'[1]All เคลมน้ำท่วมรถยนต์'!$C:$C,'[1]All เคลมน้ำท่วมรถยนต์'!$DC:$DC,"") -> รออนุมัติ | O63: =_xlfn.XLOOKUP(K63,'[1]All เคลมน้ำท่วมรถยนต์'!$C:$C,'[1]All เคลมน้ำท่วมรถยนต์'!$DD:$DD,"") -> จ่ายแล้ว/ ยกเลิก | P63: =_xlfn.XLOOKUP(K63,'[1]All เคลมน้ำท่วมรถยนต์'!$C:$C,'[1]All เคลมน้ำท่วมรถยนต์'!$CA:$CA,"") -> ประเภท1 | Q63: =_xlfn.XLOOKUP(K63,'[1]All เคลมน้ำท่วมรถยนต์'!$C:$C,'[1]All เคลมน้ำท่วมรถยนต์'!$BX:$BX,"") -> 200000 | R63: =_xlfn.XLOOKUP(K63,'[1]All เคลมน้ำท่วมรถยนต์'!$C:$C,'[1]All เคลมน้ำท่วมรถยนต์'!$CB:$CB,"") -> 10920 | S63: =_xlfn.XLOOKUP(L63,[2]รายการรถยนต์!$H:$H,[2]รายการรถยนต์!$J:$J,"") -> 76000 | Z63: =_xlfn.XLOOKUP(K63,'[1]All เคลมน้ำท่วมรถยนต์'!$C:$C,'[1]All เคลมน้ำท่วมรถยนต์'!$CS:$CS,"") -> 200000 | AA63: =_xlfn.XLOOKUP(K63,'[1]All เคลมน้ำท่วมรถยนต์'!$C:$C,'[1]All เคลมน้ำท่วมรถยนต์'!$CT:$CT,"") -> 46029 | AB63: =_xlfn.XLOOKUP(K63,'[1]All เคลมน้ำท่วมรถยนต์'!$C:$C,'[1]All เคลมน้ำท่วมรถยนต์'!$CV:$CV,"") -> คุณ จิณณวัตร พูนศิลป์
A64: 63 | B64: ผค-9105 | K64: 502-25-71-RMO-04109 | L64: 502-25-71-CMO-04057 | M64: =_xlfn.XLOOKUP(K64,'[1]All เคลมน้ำท่วมรถยนต์'!$C:$C,'[1]All เคลมน้ำท่วมรถยนต์'!$DC:$DC,"") | O64: =_xlfn.XLOOKUP(K64,'[1]All เคลมน้ำท่วมรถยนต์'!$C:$C,'[1]All เคลมน้ำท่วมรถยนต์'!$DD:$DD,"") -> จ่ายแล้ว/ ยกเลิก | P64: =_xlfn.XLOOKUP(K64,'[1]All เคลมน้ำท่วมรถยนต์'!$C:$C,'[1]All เคลมน้ำท่วมรถยนต์'!$CA:$CA,"") -> ประเภท2+ | Q64: =_xlfn.XLOOKUP(K64,'[1]All เคลมน้ำท่วมรถยนต์'!$C:$C,'[1]All เคลมน้ำท่วมรถยนต์'!$BX:$BX,"") -> 100000 | R64: =_xlfn.XLOOKUP(K64,'[1]All เคลมน้ำท่วมรถยนต์'!$C:$C,'[1]All เคลมน้ำท่วมรถยนต์'!$CB:$CB,"") -> 50000 | S64: =_xlfn.XLOOKUP(L64,[2]รายการรถยนต์!$H:$H,[2]รายการรถยนต์!$J:$J,"") | Z64: =_xlfn.XLOOKUP(K64,'[1]All เคลมน้ำท่วมรถยนต์'!$C:$C,'[1]All เคลมน้ำท่วมรถยนต์'!$CS:$CS,"") -> 50000 | AA64: =_xlfn.XLOOKUP(K64,'[1]All เคลมน้ำท่วมรถยนต์'!$C:$C,'[1]All เคลมน้ำท่วมรถยนต์'!$CT:$CT,"") -> 46021 | AB64: =_xlfn.XLOOKUP(K64,'[1]All เคลมน้ำท่วมรถยนต์'!$C:$C,'[1]All เคลมน้ำท่วมรถยนต์'!$CV:$CV,"") -> ห้างหุ้นส่วนจำกัด ยงนำหาดใหญ่ ฮาร์ดแวร์
A65: 64 | B65: ผท-9630 | K65: 502-25-71-RMO-04110 | L65: 502-25-71-CMO-04035 | M65: =_xlfn.XLOOKUP(K65,'[1]All เคลมน้ำท่วมรถยนต์'!$C:$C,'[1]All เคลมน้ำท่วมรถยนต์'!$DC:$DC,"") | O65: =_xlfn.XLOOKUP(K65,'[1]All เคลมน้ำท่วมรถยนต์'!$C:$C,'[1]All เคลมน้ำท่วมรถยนต์'!$DD:$DD,"") -> จ่ายแล้ว/ ยกเลิก | P65: =_xlfn.XLOOKUP(K65,'[1]All เคลมน้ำท่วมรถยนต์'!$C:$C,'[1]All เคลมน้ำท่วมรถยนต์'!$CA:$CA,"") -> ประเภท2+ | Q65: =_xlfn.XLOOKUP(K65,'[1]All เคลมน้ำท่วมรถยนต์'!$C:$C,'[1]All เคลมน้ำท่วมรถยนต์'!$BX:$BX,"") -> 200000 | R65: =_xlfn.XLOOKUP(K65,'[1]All เคลมน้ำท่วมรถยนต์'!$C:$C,'[1]All เคลมน้ำท่วมรถยนต์'!$CB:$CB,"") -> 50000 | S65: =_xlfn.XLOOKUP(L65,[2]รายการรถยนต์!$H:$H,[2]รายการรถยนต์!$J:$J,"") | Z65: =_xlfn.XLOOKUP(K65,'[1]All เคลมน้ำท่วมรถยนต์'!$C:$C,'[1]All เคลมน้ำท่วมรถยนต์'!$CS:$CS,"") -> 50000 | AA65: =_xlfn.XLOOKUP(K65,'[1]All เคลมน้ำท่วมรถยนต์'!$C:$C,'[1]All เคลมน้ำท่วมรถยนต์'!$CT:$CT,"") -> 46021 | AB65: =_xlfn.XLOOKUP(K65,'[1]All เคลมน้ำท่วมรถยนต์'!$C:$C,'[1]All เคลมน้ำท่วมรถยนต์'!$CV:$CV,"") -> นาย ชูศักดิ์ ผาณิตพจมาน
A66: 65 | B66: 3ขธ-1496 | H66: ซ่อม | K66: 502-25-71-RMO-04111 | L66: 502-25-71-CMO-04062 | M66: =_xlfn.XLOOKUP(K66,'[1]All เคลมน้ำท่วมรถยนต์'!$C:$C,'[1]All เคลมน้ำท่วมรถยนต์'!$DC:$DC,"") -> เข้าซ่อม | O66: =_xlfn.XLOOKUP(K66,'[1]All เคลมน้ำท่วมรถยนต์'!$C:$C,'[1]All เคลมน้ำท่วมรถยนต์'!$DD:$DD,"") -> เข้าซ่อม | P66: =_xlfn.XLOOKUP(K66,'[1]All เคลมน้ำท่วมรถยนต์'!$C:$C,'[1]All เคลมน้ำท่วมรถยนต์'!$CA:$CA,"") -> ประเภท1 | Q66: =_xlfn.XLOOKUP(K66,'[1]All เคลมน้ำท่วมรถยนต์'!$C:$C,'[1]All เคลมน้ำท่วมรถยนต์'!$BX:$BX,"") -> 430000 | R66: =_xlfn.XLOOKUP(K66,'[1]All เคลมน้ำท่วมรถยนต์'!$C:$C,'[1]All เคลมน้ำท่วมรถยนต์'!$CB:$CB,"") -> 0 | S66: =_xlfn.XLOOKUP(L66,[2]รายการรถยนต์!$H:$H,[2]รายการรถยนต์!$J:$J,"") | Z66: =_xlfn.XLOOKUP(K66,'[1]All เคลมน้ำท่วมรถยนต์'!$C:$C,'[1]All เคลมน้ำท่วมรถยนต์'!$CS:$CS,"") -> 0 | AA66: =_xlfn.XLOOKUP(K66,'[1]All เคลมน้ำท่วมรถยนต์'!$C:$C,'[1]All เคลมน้ำท่วมรถยนต์'!$CT:$CT,"") | AB66: =_xlfn.XLOOKUP(K66,'[1]All เคลมน้ำท่วมรถยนต์'!$C:$C,'[1]All เคลมน้ำท่วมรถยนต์'!$CV:$CV,"") -> 0
A67: 66 | B67: ขย-563 | C67: สงขลา | D67: MERCEDES-BENZ | E67: CLA180 | F67: ขาว | G67: 46002.502 | I67: ลาน1-ช่องเขา | K67: 502-25-71-RMO-04112 | L67: 502-25-71-CMO-04058 | M67: =_xlfn.XLOOKUP(K67,'[1]All เคลมน้ำท่วมรถยนต์'!$C:$C,'[1]All เคลมน้ำท่วมรถยนต์'!$DC:$DC,"") -> อนุมัติคืนทุน | O67: =_xlfn.XLOOKUP(K67,'[1]All เคลมน้ำท่วมรถยนต์'!$C:$C,'[1]All เคลมน้ำท่วมรถยนต์'!$DD:$DD,"") -> leasing | P67: =_xlfn.XLOOKUP(K67,'[1]All เคลมน้ำท่วมรถยนต์'!$C:$C,'[1]All เคลมน้ำท่วมรถยนต์'!$CA:$CA,"") -> ประเภท1 | Q67: =_xlfn.XLOOKUP(K67,'[1]All เคลมน้ำท่วมรถยนต์'!$C:$C,'[1]All เคลมน้ำท่วมรถยนต์'!$BX:$BX,"") -> 650000 | R67: =_xlfn.XLOOKUP(K67,'[1]All เคลมน้ำท่วมรถยนต์'!$C:$C,'[1]All เคลมน้ำท่วมรถยนต์'!$CB:$CB,"") -> 650000 | S67: =_xlfn.XLOOKUP(L67,[2]รายการรถยนต์!$H:$H,[2]รายการรถยนต์!$J:$J,"") | Z67: =_xlfn.XLOOKUP(K67,'[1]All เคลมน้ำท่วมรถยนต์'!$C:$C,'[1]All เคลมน้ำท่วมรถยนต์'!$CS:$CS,"") -> 0 | AA67: =_xlfn.XLOOKUP(K67,'[1]All เคลมน้ำท่วมรถยนต์'!$C:$C,'[1]All เคลมน้ำท่วมรถยนต์'!$CT:$CT,"") | AB67: =_xlfn.XLOOKUP(K67,'[1]All เคลมน้ำท่วมรถยนต์'!$C:$C,'[1]All เคลมน้ำท่วมรถยนต์'!$CV:$CV,"") -> 0
A68: 67 | B68: กธ-8162 | C68: สงขลา | D68: TOYOTA | E68: Vios | F68: เงิน | G68: 46045 | H68: ย้ายลาน | I68: ลาน5-ผีพุ่งใต้(Motto) | J68: ลาน8-ไฟร์มเครสต์ | K68: 502-25-71-RMO-04113 | L68: 502-25-71-CMO-04060 | M68: =_xlfn.XLOOKUP(K68,'[1]All เคลมน้ำท่วมรถยนต์'!$C:$C,'[1]All เคลมน้ำท่วมรถยนต์'!$DC:$DC,"") -> รออนุมัติ | O68: =_xlfn.XLOOKUP(K68,'[1]All เคลมน้ำท่วมรถยนต์'!$C:$C,'[1]All เคลมน้ำท่วมรถยนต์'!$DD:$DD,"") -> สถานะ GP - รออนุมัติ | P68: =_xlfn.XLOOKUP(K68,'[1]All เคลมน้ำท่วมรถยนต์'!$C:$C,'[1]All เคลมน้ำท่วมรถยนต์'!$CA:$CA,"") -> ประเภท2+ | Q68: =_xlfn.XLOOKUP(K68,'[1]All เคลมน้ำท่วมรถยนต์'!$C:$C,'[1]All เคลมน้ำท่วมรถยนต์'!$BX:$BX,"") -> 100000 | R68: =_xlfn.XLOOKUP(K68,'[1]All เคลมน้ำท่วมรถยนต์'!$C:$C,'[1]All เคลมน้ำท่วมรถยนต์'!$CB:$CB,"") -> 50000 | S68: =_xlfn.XLOOKUP(L68,[2]รายการรถยนต์!$H:$H,[2]รายการรถยนต์!$J:$J,"") -> 38000 | Z68: =_xlfn.XLOOKUP(K68,'[1]All เคลมน้ำท่วมรถยนต์'!$C:$C,'[1]All เคลมน้ำท่วมรถยนต์'!$CS:$CS,"") -> 0 | AA68: =_xlfn.XLOOKUP(K68,'[1]All เคลมน้ำท่วมรถยนต์'!$C:$C,'[1]All เคลมน้ำท่วมรถยนต์'!$CT:$CT,"") | AB68: =_xlfn.XLOOKUP(K68,'[1]All เคลมน้ำท่วมรถยนต์'!$C:$C,'[1]All เคลมน้ำท่วมรถยนต์'!$CV:$CV,"") -> 0
A69: 68 | B69: ขง-5963 | C69: สงขลา | D69: HONDA | E69: CITY | K69: 502-25-71-RMO-04114 | L69: 502-25-71-CMO-04038 | M69: =_xlfn.XLOOKUP(K69,'[1]All เคลมน้ำท่วมรถยนต์'!$C:$C,'[1]All เคลมน้ำท่วมรถยนต์'!$DC:$DC,"") -> อนุมัติ | O69: =_xlfn.XLOOKUP(K69,'[1]All เคลมน้ำท่วมรถยนต์'!$C:$C,'[1]All เคลมน้ำท่วมรถยนต์'!$DD:$DD,"") -> จ่ายแล้ว/ ยกเลิก | P69: =_xlfn.XLOOKUP(K69,'[1]All เคลมน้ำท่วมรถยนต์'!$C:$C,'[1]All เคลมน้ำท่วมรถยนต์'!$CA:$CA,"") -> ประเภท1 | Q69: =_xlfn.XLOOKUP(K69,'[1]All เคลมน้ำท่วมรถยนต์'!$C:$C,'[1]All เคลมน้ำท่วมรถยนต์'!$BX:$BX,"") -> 170000 | R69: =_xlfn.XLOOKUP(K69,'[1]All เคลมน้ำท่วมรถยนต์'!$C:$C,'[1]All เคลมน้ำท่วมรถยนต์'!$CB:$CB,"") -> 30000 | S69: =_xlfn.XLOOKUP(L69,[2]รายการรถยนต์!$H:$H,[2]รายการรถยนต์!$J:$J,"") | Z69: =_xlfn.XLOOKUP(K69,'[1]All เคลมน้ำท่วมรถยนต์'!$C:$C,'[1]All เคลมน้ำท่วมรถยนต์'!$CS:$CS,"") -> 11100 | AA69: =_xlfn.XLOOKUP(K69,'[1]All เคลมน้ำท่วมรถยนต์'!$C:$C,'[1]All เคลมน้ำท่วมรถยนต์'!$CT:$CT,"") -> 46021 | AB69: =_xlfn.XLOOKUP(K69,'[1]All เคลมน้ำท่วมรถยนต์'!$C:$C,'[1]All เคลมน้ำท่วมรถยนต์'!$CV:$CV,"") -> นางสาว เสาวณี เพ็ชรศรี
A70: 69 | B70: ฆจ-5573 | K70: 502-25-71-RMO-04115 | L70: 502-25-71-CMO-04036 | M70: =_xlfn.XLOOKUP(K70,'[1]All เคลมน้ำท่วมรถยนต์'!$C:$C,'[1]All เคลมน้ำท่วมรถยนต์'!$DC:$DC,"") | O70: =_xlfn.XLOOKUP(K70,'[1]All เคลมน้ำท่วมรถยนต์'!$C:$C,'[1]All เคลมน้ำท่วมรถยนต์'!$DD:$DD,"") -> จ่ายแล้ว/ ยกเลิก | P70: =_xlfn.XLOOKUP(K70,'[1]All เคลมน้ำท่วมรถยนต์'!$C:$C,'[1]All เคลมน้ำท่วมรถยนต์'!$CA:$CA,"") -> ประเภท2+ | Q70: =_xlfn.XLOOKUP(K70,'[1]All เคลมน้ำท่วมรถยนต์'!$C:$C,'[1]All เคลมน้ำท่วมรถยนต์'!$BX:$BX,"") -> 200000 | R70: =_xlfn.XLOOKUP(K70,'[1]All เคลมน้ำท่วมรถยนต์'!$C:$C,'[1]All เคลมน้ำท่วมรถยนต์'!$CB:$CB,"") -> 50000 | S70: =_xlfn.XLOOKUP(L70,[2]รายการรถยนต์!$H:$H,[2]รายการรถยนต์!$J:$J,"") | Z70: =_xlfn.XLOOKUP(K70,'[1]All เคลมน้ำท่วมรถยนต์'!$C:$C,'[1]All เคลมน้ำท่วมรถยนต์'!$CS:$CS,"") -> 50000 | AA70: =_xlfn.XLOOKUP(K70,'[1]All เคลมน้ำท่วมรถยนต์'!$C:$C,'[1]All เคลมน้ำท่วมรถยนต์'!$CT:$CT,"") -> 46020 | AB70: =_xlfn.XLOOKUP(K70,'[1]All เคลมน้ำท่วมรถยนต์'!$C:$C,'[1]All เคลมน้ำท่วมรถยนต์'!$CV:$CV,"") -> คุณ อรรถพล คงแก้ว
A71: 70 | B71: กล-8287 | C71: สงขลา | D71: ISUZU | E71: D-MAX | K71: 502-25-71-RMO-04116 | L71: 502-25-71-CMO-04039 | M71: =_xlfn.XLOOKUP(K71,'[1]All เคลมน้ำท่วมรถยนต์'!$C:$C,'[1]All เคลมน้ำท่วมรถยนต์'!$DC:$DC,"") -> อนุมัติ | O71: =_xlfn.XLOOKUP(K71,'[1]All เคลมน้ำท่วมรถยนต์'!$C:$C,'[1]All เคลมน้ำท่วมรถยนต์'!$DD:$DD,"") -> จ่ายแล้ว/ ยกเลิก | P71: =_xlfn.XLOOKUP(K71,'[1]All เคลมน้ำท่วมรถยนต์'!$C:$C,'[1]All เคลมน้ำท่วมรถยนต์'!$CA:$CA,"") -> ประเภท1 | Q71: =_xlfn.XLOOKUP(K71,'[1]All เคลมน้ำท่วมรถยนต์'!$C:$C,'[1]All เคลมน้ำท่วมรถยนต์'!$BX:$BX,"") -> 140000 | R71: =_xlfn.XLOOKUP(K71,'[1]All เคลมน้ำท่วมรถยนต์'!$C:$C,'[1]All เคลมน้ำท่วมรถยนต์'!$CB:$CB,"") -> 11649 | S71: =_xlfn.XLOOKUP(L71,[2]รายการรถยนต์!$H:$H,[2]รายการรถยนต์!$J:$J,"") | Z71: =_xlfn.XLOOKUP(K71,'[1]All เคลมน้ำท่วมรถยนต์'!$C:$C,'[1]All เคลมน้ำท่วมรถยนต์'!$CS:$CS,"") -> 10028.15 | AA71: =_xlfn.XLOOKUP(K71,'[1]All เคลมน้ำท่วมรถยนต์'!$C:$C,'[1]All เคลมน้ำท่วมรถยนต์'!$CT:$CT,"") -> 46021 | AB71: =_xlfn.XLOOKUP(K71,'[1]All เคลมน้ำท่วมรถยนต์'!$C:$C,'[1]All เคลมน้ำท่วมรถยนต์'!$CV:$CV,"") -> คุณ สุนัย เสนวงษ์
A72: 71 | B72: กพ-1884 | C72: ตรัง | D72: NISSAN | E72: Slyphy | F72: เงิน | G72: 46045 | H72: ย้ายลาน | I72: ลาน6 | J72: ลาน8-ไฟร์มเครสต์ | K72: 502-25-71-RMO-04117 | L72: 502-25-71-CMO-04067 | M72: =_xlfn.XLOOKUP(K72,'[1]All เคลมน้ำท่วมรถยนต์'!$C:$C,'[1]All เคลมน้ำท่วมรถยนต์'!$DC:$DC,"") -> อนุมัติคืนทุน | O72: =_xlfn.XLOOKUP(K72,'[1]All เคลมน้ำท่วมรถยนต์'!$C:$C,'[1]All เคลมน้ำท่วมรถยนต์'!$DD:$DD,"") -> จ่ายแล้ว/ ยกเลิก | P72: =_xlfn.XLOOKUP(K72,'[1]All เคลมน้ำท่วมรถยนต์'!$C:$C,'[1]All เคลมน้ำท่วมรถยนต์'!$CA:$CA,"") -> ประเภท1 | Q72: =_xlfn.XLOOKUP(K72,'[1]All เคลมน้ำท่วมรถยนต์'!$C:$C,'[1]All เคลมน้ำท่วมรถยนต์'!$BX:$BX,"") -> 230000 | R72: =_xlfn.XLOOKUP(K72,'[1]All เคลมน้ำท่วมรถยนต์'!$C:$C,'[1]All เคลมน้ำท่วมรถยนต์'!$CB:$CB,"") -> 230000 | S72: =_xlfn.XLOOKUP(L72,[2]รายการรถยนต์!$H:$H,[2]รายการรถยนต์!$J:$J,"") -> 87400 | Z72: =_xlfn.XLOOKUP(K72,'[1]All เคลมน้ำท่วมรถยนต์'!$C:$C,'[1]All เคลมน้ำท่วมรถยนต์'!$CS:$CS,"") -> 230000 | AA72: =_xlfn.XLOOKUP(K72,'[1]All เคลมน้ำท่วมรถยนต์'!$C:$C,'[1]All เคลมน้ำท่วมรถยนต์'!$CT:$CT,"") -> 46020 | AB72: =_xlfn.XLOOKUP(K72,'[1]All เคลมน้ำท่วมรถยนต์'!$C:$C,'[1]All เคลมน้ำท่วมรถยนต์'!$CV:$CV,"") -> นาย สมจิต เกิดไก่แก้ว
A73: 72 | B73: ขต-7736 | C73: ภูเก็ต | D73: MAZDA | E73: 2 | K73: 502-25-71-RMO-04118 | L73: 502-25-71-CMO-04037 | M73: =_xlfn.XLOOKUP(K73,'[1]All เคลมน้ำท่วมรถยนต์'!$C:$C,'[1]All เคลมน้ำท่วมรถยนต์'!$DC:$DC,"") | O73: =_xlfn.XLOOKUP(K73,'[1]All เคลมน้ำท่วมรถยนต์'!$C:$C,'[1]All เคลมน้ำท่วมรถยนต์'!$DD:$DD,"") -> จ่ายแล้ว/ ยกเลิก | P73: =_xlfn.XLOOKUP(K73,'[1]All เคลมน้ำท่วมรถยนต์'!$C:$C,'[1]All เคลมน้ำท่วมรถยนต์'!$CA:$CA,"") -> ประเภท2+ | Q73: =_xlfn.XLOOKUP(K73,'[1]All เคลมน้ำท่วมรถยนต์'!$C:$C,'[1]All เคลมน้ำท่วมรถยนต์'!$BX:$BX,"") -> 420000 | R73: =_xlfn.XLOOKUP(K73,'[1]All เคลมน้ำท่วมรถยนต์'!$C:$C,'[1]All เคลมน้ำท่วมรถยนต์'!$CB:$CB,"") -> 0 ไม่คุ้มครองภัยน้ำท่วม | S73: =_xlfn.XLOOKUP(L73,[2]รายการรถยนต์!$H:$H,[2]รายการรถยนต์!$J:$J,"") | Z73: =_xlfn.XLOOKUP(K73,'[1]All เคลมน้ำท่วมรถยนต์'!$C:$C,'[1]All เคลมน้ำท่วมรถยนต์'!$CS:$CS,"") -> 0 | AA73: =_xlfn.XLOOKUP(K73,'[1]All เคลมน้ำท่วมรถยนต์'!$C:$C,'[1]All เคลมน้ำท่วมรถยนต์'!$CT:$CT,"") -> ยกเลิกเคลม | AB73: =_xlfn.XLOOKUP(K73,'[1]All เคลมน้ำท่วมรถยนต์'!$C:$C,'[1]All เคลมน้ำท่วมรถยนต์'!$CV:$CV,"") -> 0
A74: 73 | B74: กข-3041 | C74: ปัตตานี | D74: NISSAN | E74: SUNNY | F74: แดง | G74: 46002.482 | I74: ลาน1-ช่องเขา | K74: 502-25-71-RMO-04119 | L74: 502-25-71-CMO-04040 | M74: =_xlfn.XLOOKUP(K74,'[1]All เคลมน้ำท่วมรถยนต์'!$C:$C,'[1]All เคลมน้ำท่วมรถยนต์'!$DC:$DC,"") | O74: =_xlfn.XLOOKUP(K74,'[1]All เคลมน้ำท่วมรถยนต์'!$C:$C,'[1]All เคลมน้ำท่วมรถยนต์'!$DD:$DD,"") -> จ่ายแล้ว/ ยกเลิก | P74: =_xlfn.XLOOKUP(K74,'[1]All เคลมน้ำท่วมรถยนต์'!$C:$C,'[1]All เคลมน้ำท่วมรถยนต์'!$CA:$CA,"") -> ประเภท2+ | Q74: =_xlfn.XLOOKUP(K74,'[1]All เคลมน้ำท่วมรถยนต์'!$C:$C,'[1]All เคลมน้ำท่วมรถยนต์'!$BX:$BX,"") -> 100000 | R74: =_xlfn.XLOOKUP(K74,'[1]All เคลมน้ำท่วมรถยนต์'!$C:$C,'[1]All เคลมน้ำท่วมรถยนต์'!$CB:$CB,"") -> 100000 | S74: =_xlfn.XLOOKUP(L74,[2]รายการรถยนต์!$H:$H,[2]รายการรถยนต์!$J:$J,"") | Z74: =_xlfn.XLOOKUP(K74,'[1]All เคลมน้ำท่วมรถยนต์'!$C:$C,'[1]All เคลมน้ำท่วมรถยนต์'!$CS:$CS,"") -> 63000 | AA74: =_xlfn.XLOOKUP(K74,'[1]All เคลมน้ำท่วมรถยนต์'!$C:$C,'[1]All เคลมน้ำท่วมรถยนต์'!$CT:$CT,"") -> 46009 | AB74: =_xlfn.XLOOKUP(K74,'[1]All เคลมน้ำท่วมรถยนต์'!$C:$C,'[1]All เคลมน้ำท่วมรถยนต์'!$CV:$CV,"") -> นางสาว ธนิสร พรหมเพชร
A75: 74 | B75: ขษ-9191 | C75: สงขลา | D75: MERCEDES-BENZ | E75: CLA250 AMG | F75: ขาว | G75: 46002.499 | I75: ลาน1-ช่องเขา | K75: 502-25-71-RMO-04120 | L75: 502-25-71-CMO-04041 | M75: =_xlfn.XLOOKUP(K75,'[1]All เคลมน้ำท่วมรถยนต์'!$C:$C,'[1]All เคลมน้ำท่วมรถยนต์'!$DC:$DC,"") -> อนุมัติคืนทุน | O75: =_xlfn.XLOOKUP(K75,'[1]All เคลมน้ำท่วมรถยนต์'!$C:$C,'[1]All เคลมน้ำท่วมรถยนต์'!$DD:$DD,"") -> leasing | P75: =_xlfn.XLOOKUP(K75,'[1]All เคลมน้ำท่วมรถยนต์'!$C:$C,'[1]All เคลมน้ำท่วมรถยนต์'!$CA:$CA,"") -> ประเภท1 | Q75: =_xlfn.XLOOKUP(K75,'[1]All เคลมน้ำท่วมรถยนต์'!$C:$C,'[1]All เคลมน้ำท่วมรถยนต์'!$BX:$BX,"") -> 980000 | R75: =_xlfn.XLOOKUP(K75,'[1]All เคลมน้ำท่วมรถยนต์'!$C:$C,'[1]All เคลมน้ำท่วมรถยนต์'!$CB:$CB,"") -> 980000 | S75: =_xlfn.XLOOKUP(L75,[2]รายการรถยนต์!$H:$H,[2]รายการรถยนต์!$J:$J,"") | Z75: =_xlfn.XLOOKUP(K75,'[1]All เคลมน้ำท่วมรถยนต์'!$C:$C,'[1]All เคลมน้ำท่วมรถยนต์'!$CS:$CS,"") -> 0 | AA75: =_xlfn.XLOOKUP(K75,'[1]All เคลมน้ำท่วมรถยนต์'!$C:$C,'[1]All เคลมน้ำท่วมรถยนต์'!$CT:$CT,"") | AB75: =_xlfn.XLOOKUP(K75,'[1]All เคลมน้ำท่วมรถยนต์'!$C:$C,'[1]All เคลมน้ำท่วมรถยนต์'!$CV:$CV,"") -> 0
A76: 75 | B76: 2กฌ-2303 | C76: กรุงเทพฯ | D76: SUZUKI | E76: swift | F76: แดง | G76: 46002.508 | I76: ลาน3-สะพานสูงเทคโน(Motto) | J76: ลาน8-ไฟร์มเครสต์ | K76: 502-25-71-RMO-04122 | L76: 502-25-71-CMO-04042 | M76: =_xlfn.XLOOKUP(K76,'[1]All เคลมน้ำท่วมรถยนต์'!$C:$C,'[1]All เคลมน้ำท่วมรถยนต์'!$DC:$DC,"") -> อนุมัติคืนทุน | O76: =_xlfn.XLOOKUP(K76,'[1]All เคลมน้ำท่วมรถยนต์'!$C:$C,'[1]All เคลมน้ำท่วมรถยนต์'!$DD:$DD,"") -> จ่ายแล้ว/ ยกเลิก | P76: =_xlfn.XLOOKUP(K76,'[1]All เคลมน้ำท่วมรถยนต์'!$C:$C,'[1]All เคลมน้ำท่วมรถยนต์'!$CA:$CA,"") -> ประเภท1 | Q76: =_xlfn.XLOOKUP(K76,'[1]All เคลมน้ำท่วมรถยนต์'!$C:$C,'[1]All เคลมน้ำท่วมรถยนต์'!$BX:$BX,"") -> 140000 | R76: =_xlfn.XLOOKUP(K76,'[1]All เคลมน้ำท่วมรถยนต์'!$C:$C,'[1]All เคลมน้ำท่วมรถยนต์'!$CB:$CB,"") -> 140000 | S76: =_xlfn.XLOOKUP(L76,[2]รายการรถยนต์!$H:$H,[2]รายการรถยนต์!$J:$J,"") -> 53200 | Z76: =_xlfn.XLOOKUP(K76,'[1]All เคลมน้ำท่วมรถยนต์'!$C:$C,'[1]All เคลมน้ำท่วมรถยนต์'!$CS:$CS,"") -> 140000 | AA76: =_xlfn.XLOOKUP(K76,'[1]All เคลมน้ำท่วมรถยนต์'!$C:$C,'[1]All เคลมน้ำท่วมรถยนต์'!$CT:$CT,"") -> 45993 | AB76: =_xlfn.XLOOKUP(K76,'[1]All เคลมน้ำท่วมรถยนต์'!$C:$C,'[1]All เคลมน้ำท่วมรถยนต์'!$CV:$CV,"") -> นางสาว รัตติกรณ์ เตโชชะ
A77: 76 | B77: ขข-4411 | F77: ขาว | G77: 46002.482 | I77: ลาน1-ช่องเขา | K77: 502-25-71-RMO-04123 | L77: 502-25-71-CMO-04044 | M77: =_xlfn.XLOOKUP(K77,'[1]All เคลมน้ำท่วมรถยนต์'!$C:$C,'[1]All เคลมน้ำท่วมรถยนต์'!$DC:$DC,"") -> อนุมัติเหมาซ่อม | O77: =_xlfn.XLOOKUP(K77,'[1]All เคลมน้ำท่วมรถยนต์'!$C:$C,'[1]All เคลมน้ำท่วมรถยนต์'!$DD:$DD,"") -> จ่ายแล้ว/ ยกเลิก | P77: =_xlfn.XLOOKUP(K77,'[1]All เคลมน้ำท่วมรถยนต์'!$C:$C,'[1]All เคลมน้ำท่วมรถยนต์'!$CA:$CA,"") -> ประเภท1 | Q77: =_xlfn.XLOOKUP(K77,'[1]All เคลมน้ำท่วมรถยนต์'!$C:$C,'[1]All เคลมน้ำท่วมรถยนต์'!$BX:$BX,"") -> 840000 | R77: =_xlfn.XLOOKUP(K77,'[1]All เคลมน้ำท่วมรถยนต์'!$C:$C,'[1]All เคลมน้ำท่วมรถยนต์'!$CB:$CB,"") -> 400000 | S77: =_xlfn.XLOOKUP(L77,[2]รายการรถยนต์!$H:$H,[2]รายการรถยนต์!$J:$J,"") | Z77: =_xlfn.XLOOKUP(K77,'[1]All เคลมน้ำท่วมรถยนต์'!$C:$C,'[1]All เคลมน้ำท่วมรถยนต์'!$CS:$CS,"") -> 380000 | AA77: =_xlfn.XLOOKUP(K77,'[1]All เคลมน้ำท่วมรถยนต์'!$C:$C,'[1]All เคลมน้ำท่วมรถยนต์'!$CT:$CT,"") -> 46031 | AB77: =_xlfn.XLOOKUP(K77,'[1]All เคลมน้ำท่วมรถยนต์'!$C:$C,'[1]All เคลมน้ำท่วมรถยนต์'!$CV:$CV,"") -> นาย ธนาธร ทวีรัตน์
A78: 77 | B78: งฉ-6884 | C78: สงขลา | D78: TOYOTA | E78: VIOS | K78: 502-25-71-RMO-04124 | L78: 502-25-71-CMO-04043 | M78: =_xlfn.XLOOKUP(K78,'[1]All เคลมน้ำท่วมรถยนต์'!$C:$C,'[1]All เคลมน้ำท่วมรถยนต์'!$DC:$DC,"") | O78: =_xlfn.XLOOKUP(K78,'[1]All เคลมน้ำท่วมรถยนต์'!$C:$C,'[1]All เคลมน้ำท่วมรถยนต์'!$DD:$DD,"") -> จ่ายแล้ว/ ยกเลิก | P78: =_xlfn.XLOOKUP(K78,'[1]All เคลมน้ำท่วมรถยนต์'!$C:$C,'[1]All เคลมน้ำท่วมรถยนต์'!$CA:$CA,"") -> ประเภท2+ | Q78: =_xlfn.XLOOKUP(K78,'[1]All เคลมน้ำท่วมรถยนต์'!$C:$C,'[1]All เคลมน้ำท่วมรถยนต์'!$BX:$BX,"") -> 100000 | R78: =_xlfn.XLOOKUP(K78,'[1]All เคลมน้ำท่วมรถยนต์'!$C:$C,'[1]All เคลมน้ำท่วมรถยนต์'!$CB:$CB,"") -> 50000 | S78: =_xlfn.XLOOKUP(L78,[2]รายการรถยนต์!$H:$H,[2]รายการรถยนต์!$J:$J,"") | Z78: =_xlfn.XLOOKUP(K78,'[1]All เคลมน้ำท่วมรถยนต์'!$C:$C,'[1]All เคลมน้ำท่วมรถยนต์'!$CS:$CS,"") -> 40000 | AA78: =_xlfn.XLOOKUP(K78,'[1]All เคลมน้ำท่วมรถยนต์'!$C:$C,'[1]All เคลมน้ำท่วมรถยนต์'!$CT:$CT,"") -> 46021 | AB78: =_xlfn.XLOOKUP(K78,'[1]All เคลมน้ำท่วมรถยนต์'!$C:$C,'[1]All เคลมน้ำท่วมรถยนต์'!$CV:$CV,"") -> นาย โกศล อนุสาร
A79: 78 | B79: ขล-1349 | F79: เทา | G79: 46002.509 | I79: ลาน1-ช่องเขา | K79: 502-25-71-RMO-04125 | L79: 502-25-71-CMO-04018 | M79: =_xlfn.XLOOKUP(K79,'[1]All เคลมน้ำท่วมรถยนต์'!$C:$C,'[1]All เคลมน้ำท่วมรถยนต์'!$DC:$DC,"") -> อนุมัติคืนทุน | O79: =_xlfn.XLOOKUP(K79,'[1]All เคลมน้ำท่วมรถยนต์'!$C:$C,'[1]All เคลมน้ำท่วมรถยนต์'!$DD:$DD,"") -> จ่ายแล้ว/ ยกเลิก | P79: =_xlfn.XLOOKUP(K79,'[1]All เคลมน้ำท่วมรถยนต์'!$C:$C,'[1]All เคลมน้ำท่วมรถยนต์'!$CA:$CA,"") -> ประเภท1 | Q79: =_xlfn.XLOOKUP(K79,'[1]All เคลมน้ำท่วมรถยนต์'!$C:$C,'[1]All เคลมน้ำท่วมรถยนต์'!$BX:$BX,"") -> 360000 | R79: =_xlfn.XLOOKUP(K79,'[1]All เคลมน้ำท่วมรถยนต์'!$C:$C,'[1]All เคลมน้ำท่วมรถยนต์'!$CB:$CB,"") -> 360000 | S79: =_xlfn.XLOOKUP(L79,[2]รายการรถยนต์!$H:$H,[2]รายการรถยนต์!$J:$J,"") | Z79: =_xlfn.XLOOKUP(K79,'[1]All เคลมน้ำท่วมรถยนต์'!$C:$C,'[1]All เคลมน้ำท่วมรถยนต์'!$CS:$CS,"") -> 360000 | AA79: =_xlfn.XLOOKUP(K79,'[1]All เคลมน้ำท่วมรถยนต์'!$C:$C,'[1]All เคลมน้ำท่วมรถยนต์'!$CT:$CT,"") -> 46014 | AB79: =_xlfn.XLOOKUP(K79,'[1]All เคลมน้ำท่วมรถยนต์'!$C:$C,'[1]All เคลมน้ำท่วมรถยนต์'!$CV:$CV,"") -> คุณ รัชฎาพร ศิริรัตน์
A80: 79 | B80: ขน-984 | C80: สงขลา | D80: MAZDA | E80: 2 | F80: แดง | G80: 46045 | H80: ย้ายลาน | I80: ลาน3-สะพานสูงเทคโน(Motto) | J80: ลาน8-ไฟร์มเครสต์ | K80: 502-25-71-RMO-04126 | L80: 502-25-71-CMO-04068 | M80: =_xlfn.XLOOKUP(K80,'[1]All เคลมน้ำท่วมรถยนต์'!$C:$C,'[1]All เคลมน้ำท่วมรถยนต์'!$DC:$DC,"") -> อนุมัติคืนทุน | O80: =_xlfn.XLOOKUP(K80,'[1]All เคลมน้ำท่วมรถยนต์'!$C:$C,'[1]All เคลมน้ำท่วมรถยนต์'!$DD:$DD,"") -> จ่ายแล้ว/ ยกเลิก | P80: =_xlfn.XLOOKUP(K80,'[1]All เคลมน้ำท่วมรถยนต์'!$C:$C,'[1]All เคลมน้ำท่วมรถยนต์'!$CA:$CA,"") -> ประเภท1 | Q80: =_xlfn.XLOOKUP(K80,'[1]All เคลมน้ำท่วมรถยนต์'!$C:$C,'[1]All เคลมน้ำท่วมรถยนต์'!$BX:$BX,"") -> 240000 | R80: =_xlfn.XLOOKUP(K80,'[1]All เคลมน้ำท่วมรถยนต์'!$C:$C,'[1]All เคลมน้ำท่วมรถยนต์'!$CB:$CB,"") -> 240000 | S80: =_xlfn.XLOOKUP(L80,[2]รายการรถยนต์!$H:$H,[2]รายการรถยนต์!$J:$J,"") -> 91200 | Z80: =_xlfn.XLOOKUP(K80,'[1]All เคลมน้ำท่วมรถยนต์'!$C:$C,'[1]All เคลมน้ำท่วมรถยนต์'!$CS:$CS,"") -> 240000 | AA80: =_xlfn.XLOOKUP(K80,'[1]All เคลมน้ำท่วมรถยนต์'!$C:$C,'[1]All เคลมน้ำท่วมรถยนต์'!$CT:$CT,"") -> 46021 | AB80: =_xlfn.XLOOKUP(K80,'[1]All เคลมน้ำท่วมรถยนต์'!$C:$C,'[1]All เคลมน้ำท่วมรถยนต์'!$CV:$CV,"") -> นางสาว จิรัชญา ธีรวงศธร
A81: 80 | B81: ขร-9311 | K81: 502-25-71-RMO-04127 | L81: 502-25-71-CMO-04045 | M81: =_xlfn.XLOOKUP(K81,'[1]All เคลมน้ำท่วมรถยนต์'!$C:$C,'[1]All เคลมน้ำท่วมรถยนต์'!$DC:$DC,"") | O81: =_xlfn.XLOOKUP(K81,'[1]All เคลมน้ำท่วมรถยนต์'!$C:$C,'[1]All เคลมน้ำท่วมรถยนต์'!$DD:$DD,"") -> leasing | P81: =_xlfn.XLOOKUP(K81,'[1]All เคลมน้ำท่วมรถยนต์'!$C:$C,'[1]All เคลมน้ำท่วมรถยนต์'!$CA:$CA,"") -> ประเภท1 | Q81: =_xlfn.XLOOKUP(K81,'[1]All เคลมน้ำท่วมรถยนต์'!$C:$C,'[1]All เคลมน้ำท่วมรถยนต์'!$BX:$BX,"") -> 240000 | R81: =_xlfn.XLOOKUP(K81,'[1]All เคลมน้ำท่วมรถยนต์'!$C:$C,'[1]All เคลมน้ำท่วมรถยนต์'!$CB:$CB,"") -> 240000 | S81: =_xlfn.XLOOKUP(L81,[2]รายการรถยนต์!$H:$H,[2]รายการรถยนต์!$J:$J,"") | Z81: =_xlfn.XLOOKUP(K81,'[1]All เคลมน้ำท่วมรถยนต์'!$C:$C,'[1]All เคลมน้ำท่วมรถยนต์'!$CS:$CS,"") -> 0 | AA81: =_xlfn.XLOOKUP(K81,'[1]All เคลมน้ำท่วมรถยนต์'!$C:$C,'[1]All เคลมน้ำท่วมรถยนต์'!$CT:$CT,"") | AB81: =_xlfn.XLOOKUP(K81,'[1]All เคลมน้ำท่วมรถยนต์'!$C:$C,'[1]All เคลมน้ำท่วมรถยนต์'!$CV:$CV,"") -> 0
A82: 81 | B82: ขร-6641 | C82: สงขลา | D82: MG | E82: ZS | K82: 502-25-71-RMO-04128 | L82: 502-25-71-CMO-04046 | M82: =_xlfn.XLOOKUP(K82,'[1]All เคลมน้ำท่วมรถยนต์'!$C:$C,'[1]All เคลมน้ำท่วมรถยนต์'!$DC:$DC,"") -> อนุมัติ | O82: =_xlfn.XLOOKUP(K82,'[1]All เคลมน้ำท่วมรถยนต์'!$C:$C,'[1]All เคลมน้ำท่วมรถยนต์'!$DD:$DD,"") -> จ่ายแล้ว/ ยกเลิก | P82: =_xlfn.XLOOKUP(K82,'[1]All เคลมน้ำท่วมรถยนต์'!$C:$C,'[1]All เคลมน้ำท่วมรถยนต์'!$CA:$CA,"") -> ประเภท1 | Q82: =_xlfn.XLOOKUP(K82,'[1]All เคลมน้ำท่วมรถยนต์'!$C:$C,'[1]All เคลมน้ำท่วมรถยนต์'!$BX:$BX,"") -> 320000 | R82: =_xlfn.XLOOKUP(K82,'[1]All เคลมน้ำท่วมรถยนต์'!$C:$C,'[1]All เคลมน้ำท่วมรถยนต์'!$CB:$CB,"") -> 11555 | S82: =_xlfn.XLOOKUP(L82,[2]รายการรถยนต์!$H:$H,[2]รายการรถยนต์!$J:$J,"") | Z82: =_xlfn.XLOOKUP(K82,'[1]All เคลมน้ำท่วมรถยนต์'!$C:$C,'[1]All เคลมน้ำท่วมรถยนต์'!$CS:$CS,"") -> 16070 | AA82: =_xlfn.XLOOKUP(K82,'[1]All เคลมน้ำท่วมรถยนต์'!$C:$C,'[1]All เคลมน้ำท่วมรถยนต์'!$CT:$CT,"") -> 46014 | AB82: =_xlfn.XLOOKUP(K82,'[1]All เคลมน้ำท่วมรถยนต์'!$C:$C,'[1]All เคลมน้ำท่วมรถยนต์'!$CV:$CV,"") -> นางสาว วรนุช นิเต็ม
A83: 82 | B83: ขอ-8805 | C83: สงขลา | D83: HONDA | E83: CIVIC | G83: 46045 | H83: ย้ายลาน | I83: ลาน2-ท่าช้าง(ดินถล่ม) | J83: ลาน8-ไฟร์มเครสต์ | K83: 502-25-71-RMO-04129 | L83: 502-25-71-CMO-04047 | M83: =_xlfn.XLOOKUP(K83,'[1]All เคลมน้ำท่วมรถยนต์'!$C:$C,'[1]All เคลมน้ำท่วมรถยนต์'!$DC:$DC,"") -> อนุมัติคืนทุน | O83: =_xlfn.XLOOKUP(K83,'[1]All เคลมน้ำท่วมรถยนต์'!$C:$C,'[1]All เคลมน้ำท่วมรถยนต์'!$DD:$DD,"") -> จ่ายแล้ว/ ยกเลิก | P83: =_xlfn.XLOOKUP(K83,'[1]All เคลมน้ำท่วมรถยนต์'!$C:$C,'[1]All เคลมน้ำท่วมรถยนต์'!$CA:$CA,"") -> ประเภท1 | Q83: =_xlfn.XLOOKUP(K83,'[1]All เคลมน้ำท่วมรถยนต์'!$C:$C,'[1]All เคลมน้ำท่วมรถยนต์'!$BX:$BX,"") -> 500000 | R83: =_xlfn.XLOOKUP(K83,'[1]All เคลมน้ำท่วมรถยนต์'!$C:$C,'[1]All เคลมน้ำท่วมรถยนต์'!$CB:$CB,"") -> 500000 | S83: =_xlfn.XLOOKUP(L83,[2]รายการรถยนต์!$H:$H,[2]รายการรถยนต์!$J:$J,"") -> 190000 | Z83: =_xlfn.XLOOKUP(K83,'[1]All เคลมน้ำท่วมรถยนต์'!$C:$C,'[1]All เคลมน้ำท่วมรถยนต์'!$CS:$CS,"") -> 500000 | AA83: =_xlfn.XLOOKUP(K83,'[1]All เคลมน้ำท่วมรถยนต์'!$C:$C,'[1]All เคลมน้ำท่วมรถยนต์'!$CT:$CT,"") -> 46007 | AB83: =_xlfn.XLOOKUP(K83,'[1]All เคลมน้ำท่วมรถยนต์'!$C:$C,'[1]All เคลมน้ำท่วมรถยนต์'!$CV:$CV,"") -> นางสาว ฮาซาน๊ะ ชะยานัย
A84: 83 | B84: 1นง-7385 | K84: 502-25-71-RMO-04130 | L84: 502-25-71-CMO-04077 | M84: =_xlfn.XLOOKUP(K84,'[1]All เคลมน้ำท่วมรถยนต์'!$C:$C,'[1]All เคลมน้ำท่วมรถยนต์'!$DC:$DC,"") -> อนุมัติ | O84: =_xlfn.XLOOKUP(K84,'[1]All เคลมน้ำท่วมรถยนต์'!$C:$C,'[1]All เคลมน้ำท่วมรถยนต์'!$DD:$DD,"") -> เข้าซ่อม | P84: =_xlfn.XLOOKUP(K84,'[1]All เคลมน้ำท่วมรถยนต์'!$C:$C,'[1]All เคลมน้ำท่วมรถยนต์'!$CA:$CA,"") -> ประเภท1 | Q84: =_xlfn.XLOOKUP(K84,'[1]All เคลมน้ำท่วมรถยนต์'!$C:$C,'[1]All เคลมน้ำท่วมรถยนต์'!$BX:$BX,"") -> 840000 | R84: =_xlfn.XLOOKUP(K84,'[1]All เคลมน้ำท่วมรถยนต์'!$C:$C,'[1]All เคลมน้ำท่วมรถยนต์'!$CB:$CB,"") -> 10507 | S84: =_xlfn.XLOOKUP(L84,[2]รายการรถยนต์!$H:$H,[2]รายการรถยนต์!$J:$J,"") | Z84: =_xlfn.XLOOKUP(K84,'[1]All เคลมน้ำท่วมรถยนต์'!$C:$C,'[1]All เคลมน้ำท่วมรถยนต์'!$CS:$CS,"") -> 0 | AA84: =_xlfn.XLOOKUP(K84,'[1]All เคลมน้ำท่วมรถยนต์'!$C:$C,'[1]All เคลมน้ำท่วมรถยนต์'!$CT:$CT,"") | AB84: =_xlfn.XLOOKUP(K84,'[1]All เคลมน้ำท่วมรถยนต์'!$C:$C,'[1]All เคลมน้ำท่วมรถยนต์'!$CV:$CV,"") -> 0
A85: 84 | B85: ขต-3168 | C85: สงขลา | D85: TOYOTA | E85: YARIS 1.2 | H85: ซ่อม | K85: 502-25-71-RMO-04131 | L85: 502-25-71-CMO-04122 | M85: =_xlfn.XLOOKUP(K85,'[1]All เคลมน้ำท่วมรถยนต์'!$C:$C,'[1]All เคลมน้ำท่วมรถยนต์'!$DC:$DC,"") -> เข้าซ่อม | O85: =_xlfn.XLOOKUP(K85,'[1]All เคลมน้ำท่วมรถยนต์'!$C:$C,'[1]All เคลมน้ำท่วมรถยนต์'!$DD:$DD,"") -> เข้าซ่อม | P85: =_xlfn.XLOOKUP(K85,'[1]All เคลมน้ำท่วมรถยนต์'!$C:$C,'[1]All เคลมน้ำท่วมรถยนต์'!$CA:$CA,"") -> ประเภท1 | Q85: =_xlfn.XLOOKUP(K85,'[1]All เคลมน้ำท่วมรถยนต์'!$C:$C,'[1]All เคลมน้ำท่วมรถยนต์'!$BX:$BX,"") -> 200000 | R85: =_xlfn.XLOOKUP(K85,'[1]All เคลมน้ำท่วมรถยนต์'!$C:$C,'[1]All เคลมน้ำท่วมรถยนต์'!$CB:$CB,"") -> 10920 | S85: =_xlfn.XLOOKUP(L85,[2]รายการรถยนต์!$H:$H,[2]รายการรถยนต์!$J:$J,"") | Z85: =_xlfn.XLOOKUP(K85,'[1]All เคลมน้ำท่วมรถยนต์'!$C:$C,'[1]All เคลมน้ำท่วมรถยนต์'!$CS:$CS,"") -> 0 | AA85: =_xlfn.XLOOKUP(K85,'[1]All เคลมน้ำท่วมรถยนต์'!$C:$C,'[1]All เคลมน้ำท่วมรถยนต์'!$CT:$CT,"") | AB85: =_xlfn.XLOOKUP(K85,'[1]All เคลมน้ำท่วมรถยนต์'!$C:$C,'[1]All เคลมน้ำท่วมรถยนต์'!$CV:$CV,"") -> 0
A86: 85 | B86: ขย-3168 | C86: สงขลา | D86: FORD | E86: EVEREST | K86: 502-25-71-RMO-04132 | L86: 502-25-71-CMO-04076 | M86: =_xlfn.XLOOKUP(K86,'[1]All เคลมน้ำท่วมรถยนต์'!$C:$C,'[1]All เคลมน้ำท่วมรถยนต์'!$DC:$DC,"") -> อนุมัติ | O86: =_xlfn.XLOOKUP(K86,'[1]All เคลมน้ำท่วมรถยนต์'!$C:$C,'[1]All เคลมน้ำท่วมรถยนต์'!$DD:$DD,"") -> จ่ายแล้ว/ ยกเลิก | P86: =_xlfn.XLOOKUP(K86,'[1]All เคลมน้ำท่วมรถยนต์'!$C:$C,'[1]All เคลมน้ำท่วมรถยนต์'!$CA:$CA,"") -> ประเภท1 | Q86: =_xlfn.XLOOKUP(K86,'[1]All เคลมน้ำท่วมรถยนต์'!$C:$C,'[1]All เคลมน้ำท่วมรถยนต์'!$BX:$BX,"") -> 640000 | R86: =_xlfn.XLOOKUP(K86,'[1]All เคลมน้ำท่วมรถยนต์'!$C:$C,'[1]All เคลมน้ำท่วมรถยนต์'!$CB:$CB,"") -> 14000 | S86: =_xlfn.XLOOKUP(L86,[2]รายการรถยนต์!$H:$H,[2]รายการรถยนต์!$J:$J,"") | Z86: =_xlfn.XLOOKUP(K86,'[1]All เคลมน้ำท่วมรถยนต์'!$C:$C,'[1]All เคลมน้ำท่วมรถยนต์'!$CS:$CS,"") -> 10072.5 | AA86: =_xlfn.XLOOKUP(K86,'[1]All เคลมน้ำท่วมรถยนต์'!$C:$C,'[1]All เคลมน้ำท่วมรถยนต์'!$CT:$CT,"") -> 46045 | AB86: =_xlfn.XLOOKUP(K86,'[1]All เคลมน้ำท่วมรถยนต์'!$C:$C,'[1]All เคลมน้ำท่วมรถยนต์'!$CV:$CV,"") -> ห้างหุ้นส่วนจำกัด ทัฟโคทหาดใหญ่บอดี้ช็อป
A87: 86 | B87: ขค-1099 | C87: สงขลา | D87: ISUZU | E87: D-MAX | K87: 502-25-71-RMO-04133 | L87: 502-25-71-CMO-04079 | M87: =_xlfn.XLOOKUP(K87,'[1]All เคลมน้ำท่วมรถยนต์'!$C:$C,'[1]All เคลมน้ำท่วมรถยนต์'!$DC:$DC,"") | O87: =_xlfn.XLOOKUP(K87,'[1]All เคลมน้ำท่วมรถยนต์'!$C:$C,'[1]All เคลมน้ำท่วมรถยนต์'!$DD:$DD,"") -> เข้าซ่อม | P87: =_xlfn.XLOOKUP(K87,'[1]All เคลมน้ำท่วมรถยนต์'!$C:$C,'[1]All เคลมน้ำท่วมรถยนต์'!$CA:$CA,"") -> ประเภท1 | Q87: =_xlfn.XLOOKUP(K87,'[1]All เคลมน้ำท่วมรถยนต์'!$C:$C,'[1]All เคลมน้ำท่วมรถยนต์'!$BX:$BX,"") -> 180000 | R87: =_xlfn.XLOOKUP(K87,'[1]All เคลมน้ำท่วมรถยนต์'!$C:$C,'[1]All เคลมน้ำท่วมรถยนต์'!$CB:$CB,"") -> 11649 | S87: =_xlfn.XLOOKUP(L87,[2]รายการรถยนต์!$H:$H,[2]รายการรถยนต์!$J:$J,"") | Z87: =_xlfn.XLOOKUP(K87,'[1]All เคลมน้ำท่วมรถยนต์'!$C:$C,'[1]All เคลมน้ำท่วมรถยนต์'!$CS:$CS,"") -> 0 | AA87: =_xlfn.XLOOKUP(K87,'[1]All เคลมน้ำท่วมรถยนต์'!$C:$C,'[1]All เคลมน้ำท่วมรถยนต์'!$CT:$CT,"") | AB87: =_xlfn.XLOOKUP(K87,'[1]All เคลมน้ำท่วมรถยนต์'!$C:$C,'[1]All เคลมน้ำท่วมรถยนต์'!$CV:$CV,"") -> 0
A88: 87 | B88: งบ-4537 | C88: สงขลา | D88: HONDA | E88: JAZZ | G88: 46045 | H88: ย้ายลาน | I88: ลาน2-ท่าช้าง(ดินถล่ม) | J88: ลาน8-ไฟร์มเครสต์ | K88: 502-25-71-RMO-04134 | L88: 502-25-71-CMO-04078 | M88: =_xlfn.XLOOKUP(K88,'[1]All เคลมน้ำท่วมรถยนต์'!$C:$C,'[1]All เคลมน้ำท่วมรถยนต์'!$DC:$DC,"") -> อนุมัติคืนทุน | O88: =_xlfn.XLOOKUP(K88,'[1]All เคลมน้ำท่วมรถยนต์'!$C:$C,'[1]All เคลมน้ำท่วมรถยนต์'!$DD:$DD,"") -> จ่ายแล้ว/ ยกเลิก | P88: =_xlfn.XLOOKUP(K88,'[1]All เคลมน้ำท่วมรถยนต์'!$C:$C,'[1]All เคลมน้ำท่วมรถยนต์'!$CA:$CA,"") -> ประเภท1 | Q88: =_xlfn.XLOOKUP(K88,'[1]All เคลมน้ำท่วมรถยนต์'!$C:$C,'[1]All เคลมน้ำท่วมรถยนต์'!$BX:$BX,"") -> 360000 | R88: =_xlfn.XLOOKUP(K88,'[1]All เคลมน้ำท่วมรถยนต์'!$C:$C,'[1]All เคลมน้ำท่วมรถยนต์'!$CB:$CB,"") -> 10920 | S88: =_xlfn.XLOOKUP(L88,[2]รายการรถยนต์!$H:$H,[2]รายการรถยนต์!$J:$J,"") -> 136800 | Z88: =_xlfn.XLOOKUP(K88,'[1]All เคลมน้ำท่วมรถยนต์'!$C:$C,'[1]All เคลมน้ำท่วมรถยนต์'!$CS:$CS,"") -> 360000 | AA88: =_xlfn.XLOOKUP(K88,'[1]All เคลมน้ำท่วมรถยนต์'!$C:$C,'[1]All เคลมน้ำท่วมรถยนต์'!$CT:$CT,"") -> 46031 | AB88: =_xlfn.XLOOKUP(K88,'[1]All เคลมน้ำท่วมรถยนต์'!$C:$C,'[1]All เคลมน้ำท่วมรถยนต์'!$CV:$CV,"") -> ธนาคารกรุงศรีอยุธยา จำกัด (มหาชน)
A89: 88 | B89: ขล-982 | C89: สงขลา | D89: MAZDA | E89: CX5 | G89: 46045 | H89: ย้ายลาน | I89: ลาน3-สะพานสูงเทคโน(Motto) | J89: ลาน8-ไฟร์มเครสต์ | K89: 502-25-71-RMO-04135 | L89: 502-25-71-CMO-04080 | M89: =_xlfn.XLOOKUP(K89,'[1]All เคลมน้ำท่วมรถยนต์'!$C:$C,'[1]All เคลมน้ำท่วมรถยนต์'!$DC:$DC,"") -> เข้าซ่อม | O89: =_xlfn.XLOOKUP(K89,'[1]All เคลมน้ำท่วมรถยนต์'!$C:$C,'[1]All เคลมน้ำท่วมรถยนต์'!$DD:$DD,"") -> จ่ายแล้ว/ ยกเลิก | P89: =_xlfn.XLOOKUP(K89,'[1]All เคลมน้ำท่วมรถยนต์'!$C:$C,'[1]All เคลมน้ำท่วมรถยนต์'!$CA:$CA,"") -> ประเภท1 | Q89: =_xlfn.XLOOKUP(K89,'[1]All เคลมน้ำท่วมรถยนต์'!$C:$C,'[1]All เคลมน้ำท่วมรถยนต์'!$BX:$BX,"") -> 560000 | R89: =_xlfn.XLOOKUP(K89,'[1]All เคลมน้ำท่วมรถยนต์'!$C:$C,'[1]All เคลมน้ำท่วมรถยนต์'!$CB:$CB,"") -> 64386 | S89: =_xlfn.XLOOKUP(L89,[2]รายการรถยนต์!$H:$H,[2]รายการรถยนต์!$J:$J,"") | Z89: =_xlfn.XLOOKUP(K89,'[1]All เคลมน้ำท่วมรถยนต์'!$C:$C,'[1]All เคลมน้ำท่วมรถยนต์'!$CS:$CS,"") -> 560000 | AA89: =_xlfn.XLOOKUP(K89,'[1]All เคลมน้ำท่วมรถยนต์'!$C:$C,'[1]All เคลมน้ำท่วมรถยนต์'!$CT:$CT,"") -> 46038 | AB89: =_xlfn.XLOOKUP(K89,'[1]All เคลมน้ำท่วมรถยนต์'!$C:$C,'[1]All เคลมน้ำท่วมรถยนต์'!$CV:$CV,"") -> นางสาว ธณัฐฌนัน ทองอุ่น
A90: 89 | B90: กธ-7288 | C90: สงขลา | D90: HONDA | E90: ACCORD | K90: 502-25-71-RMO-04136 | L90: 502-25-71-CMO-04081 | M90: =_xlfn.XLOOKUP(K90,'[1]All เคลมน้ำท่วมรถยนต์'!$C:$C,'[1]All เคลมน้ำท่วมรถยนต์'!$DC:$DC,"") | O90: =_xlfn.XLOOKUP(K90,'[1]All เคลมน้ำท่วมรถยนต์'!$C:$C,'[1]All เคลมน้ำท่วมรถยนต์'!$DD:$DD,"") -> จ่ายแล้ว/ ยกเลิก | P90: =_xlfn.XLOOKUP(K90,'[1]All เคลมน้ำท่วมรถยนต์'!$C:$C,'[1]All เคลมน้ำท่วมรถยนต์'!$CA:$CA,"") -> ประเภท2+ | Q90: =_xlfn.XLOOKUP(K90,'[1]All เคลมน้ำท่วมรถยนต์'!$C:$C,'[1]All เคลมน้ำท่วมรถยนต์'!$BX:$BX,"") -> 100000 | R90: =_xlfn.XLOOKUP(K90,'[1]All เคลมน้ำท่วมรถยนต์'!$C:$C,'[1]All เคลมน้ำท่วมรถยนต์'!$CB:$CB,"") -> 0 ไม่คุ้มครองภัยน้ำท่วม | S90: =_xlfn.XLOOKUP(L90,[2]รายการรถยนต์!$H:$H,[2]รายการรถยนต์!$J:$J,"") | Z90: =_xlfn.XLOOKUP(K90,'[1]All เคลมน้ำท่วมรถยนต์'!$C:$C,'[1]All เคลมน้ำท่วมรถยนต์'!$CS:$CS,"") -> 0 | AA90: =_xlfn.XLOOKUP(K90,'[1]All เคลมน้ำท่วมรถยนต์'!$C:$C,'[1]All เคลมน้ำท่วมรถยนต์'!$CT:$CT,"") -> ยกเลิกเคลม | AB90: =_xlfn.XLOOKUP(K90,'[1]All เคลมน้ำท่วมรถยนต์'!$C:$C,'[1]All เคลมน้ำท่วมรถยนต์'!$CV:$CV,"") -> 0
A91: 90 | B91: ขง-7955 | C91: สงขลา | D91: CHEVROLET | E91: CAPTIVA | K91: 502-25-71-RMO-04137 | L91: 502-25-71-CMO-04083 | M91: =_xlfn.XLOOKUP(K91,'[1]All เคลมน้ำท่วมรถยนต์'!$C:$C,'[1]All เคลมน้ำท่วมรถยนต์'!$DC:$DC,"") | O91: =_xlfn.XLOOKUP(K91,'[1]All เคลมน้ำท่วมรถยนต์'!$C:$C,'[1]All เคลมน้ำท่วมรถยนต์'!$DD:$DD,"") -> จ่ายแล้ว/ ยกเลิก | P91: =_xlfn.XLOOKUP(K91,'[1]All เคลมน้ำท่วมรถยนต์'!$C:$C,'[1]All เคลมน้ำท่วมรถยนต์'!$CA:$CA,"") -> ประเภท2+ | Q91: =_xlfn.XLOOKUP(K91,'[1]All เคลมน้ำท่วมรถยนต์'!$C:$C,'[1]All เคลมน้ำท่วมรถยนต์'!$BX:$BX,"") -> 200000 | R91: =_xlfn.XLOOKUP(K91,'[1]All เคลมน้ำท่วมรถยนต์'!$C:$C,'[1]All เคลมน้ำท่วมรถยนต์'!$CB:$CB,"") -> 0 ไม่คุ้มครองภัยน้ำท่วม | S91: =_xlfn.XLOOKUP(L91,[2]รายการรถยนต์!$H:$H,[2]รายการรถยนต์!$J:$J,"") | Z91: =_xlfn.XLOOKUP(K91,'[1]All เคลมน้ำท่วมรถยนต์'!$C:$C,'[1]All เคลมน้ำท่วมรถยนต์'!$CS:$CS,"") -> 0 | AA91: =_xlfn.XLOOKUP(K91,'[1]All เคลมน้ำท่วมรถยนต์'!$C:$C,'[1]All เคลมน้ำท่วมรถยนต์'!$CT:$CT,"") -> ยกเลิกเคลม | AB91: =_xlfn.XLOOKUP(K91,'[1]All เคลมน้ำท่วมรถยนต์'!$C:$C,'[1]All เคลมน้ำท่วมรถยนต์'!$CV:$CV,"") -> 0
A92: 91 | B92: งต-5165 | C92: สงขลา | D92: HONDA | E92: BRIO | F92: ขาว | G92: 46045 | H92: ย้ายลาน | I92: ลาน3-สะพานสูงเทคโน(Motto) | J92: ลาน8-ไฟร์มเครสต์ | K92: 502-25-71-RMO-04138 | L92: 502-25-71-CMO-04082 | M92: =_xlfn.XLOOKUP(K92,'[1]All เคลมน้ำท่วมรถยนต์'!$C:$C,'[1]All เคลมน้ำท่วมรถยนต์'!$DC:$DC,"") -> อนุมัติคืนทุน | O92: =_xlfn.XLOOKUP(K92,'[1]All เคลมน้ำท่วมรถยนต์'!$C:$C,'[1]All เคลมน้ำท่วมรถยนต์'!$DD:$DD,"") -> leasing | P92: =_xlfn.XLOOKUP(K92,'[1]All เคลมน้ำท่วมรถยนต์'!$C:$C,'[1]All เคลมน้ำท่วมรถยนต์'!$CA:$CA,"") -> ประเภท1 | Q92: =_xlfn.XLOOKUP(K92,'[1]All เคลมน้ำท่วมรถยนต์'!$C:$C,'[1]All เคลมน้ำท่วมรถยนต์'!$BX:$BX,"") -> 170000 | R92: =_xlfn.XLOOKUP(K92,'[1]All เคลมน้ำท่วมรถยนต์'!$C:$C,'[1]All เคลมน้ำท่วมรถยนต์'!$CB:$CB,"") -> 170000 | S92: =_xlfn.XLOOKUP(L92,[2]รายการรถยนต์!$H:$H,[2]รายการรถยนต์!$J:$J,"") -> 64600 | Z92: =_xlfn.XLOOKUP(K92,'[1]All เคลมน้ำท่วมรถยนต์'!$C:$C,'[1]All เคลมน้ำท่วมรถยนต์'!$CS:$CS,"") -> 0 | AA92: =_xlfn.XLOOKUP(K92,'[1]All เคลมน้ำท่วมรถยนต์'!$C:$C,'[1]All เคลมน้ำท่วมรถยนต์'!$CT:$CT,"") | AB92: =_xlfn.XLOOKUP(K92,'[1]All เคลมน้ำท่วมรถยนต์'!$C:$C,'[1]All เคลมน้ำท่วมรถยนต์'!$CV:$CV,"") -> 0
A93: 92 | B93: งน-4892 | C93: สงขลา | D93: MERCEDES-BENZ | E93: CLS300d | K93: 502-25-71-RMO-04140 | L93: 502-25-71-CMO-04084 | M93: =_xlfn.XLOOKUP(K93,'[1]All เคลมน้ำท่วมรถยนต์'!$C:$C,'[1]All เคลมน้ำท่วมรถยนต์'!$DC:$DC,"") -> อนุมัติคืนทุน | O93: =_xlfn.XLOOKUP(K93,'[1]All เคลมน้ำท่วมรถยนต์'!$C:$C,'[1]All เคลมน้ำท่วมรถยนต์'!$DD:$DD,"") -> รอจ่าย (อยู่ในมือพี่ใหม่แล้ว) | P93: =_xlfn.XLOOKUP(K93,'[1]All เคลมน้ำท่วมรถยนต์'!$C:$C,'[1]All เคลมน้ำท่วมรถยนต์'!$CA:$CA,"") -> ประเภท1 | Q93: =_xlfn.XLOOKUP(K93,'[1]All เคลมน้ำท่วมรถยนต์'!$C:$C,'[1]All เคลมน้ำท่วมรถยนต์'!$BX:$BX,"") -> 1850000 | R93: =_xlfn.XLOOKUP(K93,'[1]All เคลมน้ำท่วมรถยนต์'!$C:$C,'[1]All เคลมน้ำท่วมรถยนต์'!$CB:$CB,"") -> 1850000 | S93: =_xlfn.XLOOKUP(L93,[2]รายการรถยนต์!$H:$H,[2]รายการรถยนต์!$J:$J,"") | Z93: =_xlfn.XLOOKUP(K93,'[1]All เคลมน้ำท่วมรถยนต์'!$C:$C,'[1]All เคลมน้ำท่วมรถยนต์'!$CS:$CS,"") -> 1850000 | AA93: =_xlfn.XLOOKUP(K93,'[1]All เคลมน้ำท่วมรถยนต์'!$C:$C,'[1]All เคลมน้ำท่วมรถยนต์'!$CT:$CT,"") | AB93: =_xlfn.XLOOKUP(K93,'[1]All เคลมน้ำท่วมรถยนต์'!$C:$C,'[1]All เคลมน้ำท่วมรถยนต์'!$CV:$CV,"") -> นาย เอษณะ แก่นแก้ว
A94: 93 | B94: กง-5506 | C94: สตูล | D94: TOYOTA | E94: YARISATIV | H94: ซ่อม | K94: 502-25-71-RMO-04142 | L94: 502-25-71-CMO-04085 | M94: =_xlfn.XLOOKUP(K94,'[1]All เคลมน้ำท่วมรถยนต์'!$C:$C,'[1]All เคลมน้ำท่วมรถยนต์'!$DC:$DC,"") -> เข้าซ่อม | O94: =_xlfn.XLOOKUP(K94,'[1]All เคลมน้ำท่วมรถยนต์'!$C:$C,'[1]All เคลมน้ำท่วมรถยนต์'!$DD:$DD,"") -> เข้าซ่อม | P94: =_xlfn.XLOOKUP(K94,'[1]All เคลมน้ำท่วมรถยนต์'!$C:$C,'[1]All เคลมน้ำท่วมรถยนต์'!$CA:$CA,"") -> ประเภท1 | Q94: =_xlfn.XLOOKUP(K94,'[1]All เคลมน้ำท่วมรถยนต์'!$C:$C,'[1]All เคลมน้ำท่วมรถยนต์'!$BX:$BX,"") -> 260000 | R94: =_xlfn.XLOOKUP(K94,'[1]All เคลมน้ำท่วมรถยนต์'!$C:$C,'[1]All เคลมน้ำท่วมรถยนต์'!$CB:$CB,"") -> 10900 | S94: =_xlfn.XLOOKUP(L94,[2]รายการรถยนต์!$H:$H,[2]รายการรถยนต์!$J:$J,"") | Z94: =_xlfn.XLOOKUP(K94,'[1]All เคลมน้ำท่วมรถยนต์'!$C:$C,'[1]All เคลมน้ำท่วมรถยนต์'!$CS:$CS,"") -> 0 | AA94: =_xlfn.XLOOKUP(K94,'[1]All เคลมน้ำท่วมรถยนต์'!$C:$C,'[1]All เคลมน้ำท่วมรถยนต์'!$CT:$CT,"") | AB94: =_xlfn.XLOOKUP(K94,'[1]All เคลมน้ำท่วมรถยนต์'!$C:$C,'[1]All เคลมน้ำท่วมรถยนต์'!$CV:$CV,"") -> 0
A95: 94 | B95: ขท-2732 | C95: สงขลา | D95: TOYOTA | E95: YARIS 1.2 | K95: 502-25-71-RMO-04143 | L95: 502-25-71-CMO-04087 | M95: =_xlfn.XLOOKUP(K95,'[1]All เคลมน้ำท่วมรถยนต์'!$C:$C,'[1]All เคลมน้ำท่วมรถยนต์'!$DC:$DC,"") | O95: =_xlfn.XLOOKUP(K95,'[1]All เคลมน้ำท่วมรถยนต์'!$C:$C,'[1]All เคลมน้ำท่วมรถยนต์'!$DD:$DD,"") -> เข้าซ่อม | P95: =_xlfn.XLOOKUP(K95,'[1]All เคลมน้ำท่วมรถยนต์'!$C:$C,'[1]All เคลมน้ำท่วมรถยนต์'!$CA:$CA,"") -> ประเภท1 | Q95: =_xlfn.XLOOKUP(K95,'[1]All เคลมน้ำท่วมรถยนต์'!$C:$C,'[1]All เคลมน้ำท่วมรถยนต์'!$BX:$BX,"") -> 150000 | R95: =_xlfn.XLOOKUP(K95,'[1]All เคลมน้ำท่วมรถยนต์'!$C:$C,'[1]All เคลมน้ำท่วมรถยนต์'!$CB:$CB,"") -> 14000 | S95: =_xlfn.XLOOKUP(L95,[2]รายการรถยนต์!$H:$H,[2]รายการรถยนต์!$J:$J,"") | Z95: =_xlfn.XLOOKUP(K95,'[1]All เคลมน้ำท่วมรถยนต์'!$C:$C,'[1]All เคลมน้ำท่วมรถยนต์'!$CS:$CS,"") -> 0 | AA95: =_xlfn.XLOOKUP(K95,'[1]All เคลมน้ำท่วมรถยนต์'!$C:$C,'[1]All เคลมน้ำท่วมรถยนต์'!$CT:$CT,"") | AB95: =_xlfn.XLOOKUP(K95,'[1]All เคลมน้ำท่วมรถยนต์'!$C:$C,'[1]All เคลมน้ำท่วมรถยนต์'!$CV:$CV,"") -> 0
A96: 95 | B96: งท-5603 | C96: สงขลา | D96: SUZUKI | E96: CIAZ | H96: ซ่อม | K96: 502-25-71-RMO-04144 | L96: 502-25-71-CMO-04089 | M96: =_xlfn.XLOOKUP(K96,'[1]All เคลมน้ำท่วมรถยนต์'!$C:$C,'[1]All เคลมน้ำท่วมรถยนต์'!$DC:$DC,"") -> อนุมัติเหมาซ่อม | O96: =_xlfn.XLOOKUP(K96,'[1]All เคลมน้ำท่วมรถยนต์'!$C:$C,'[1]All เคลมน้ำท่วมรถยนต์'!$DD:$DD,"") -> จ่ายแล้ว/ ยกเลิก | P96: =_xlfn.XLOOKUP(K96,'[1]All เคลมน้ำท่วมรถยนต์'!$C:$C,'[1]All เคลมน้ำท่วมรถยนต์'!$CA:$CA,"") -> ประเภท1 | Q96: =_xlfn.XLOOKUP(K96,'[1]All เคลมน้ำท่วมรถยนต์'!$C:$C,'[1]All เคลมน้ำท่วมรถยนต์'!$BX:$BX,"") -> 430000 | R96: =_xlfn.XLOOKUP(K96,'[1]All เคลมน้ำท่วมรถยนต์'!$C:$C,'[1]All เคลมน้ำท่วมรถยนต์'!$CB:$CB,"") -> 200000 | S96: =_xlfn.XLOOKUP(L96,[2]รายการรถยนต์!$H:$H,[2]รายการรถยนต์!$J:$J,"") | Z96: =_xlfn.XLOOKUP(K96,'[1]All เคลมน้ำท่วมรถยนต์'!$C:$C,'[1]All เคลมน้ำท่วมรถยนต์'!$CS:$CS,"") -> 11214.95 | AA96: =_xlfn.XLOOKUP(K96,'[1]All เคลมน้ำท่วมรถยนต์'!$C:$C,'[1]All เคลมน้ำท่วมรถยนต์'!$CT:$CT,"") -> 46045 | AB96: =_xlfn.XLOOKUP(K96,'[1]All เคลมน้ำท่วมรถยนต์'!$C:$C,'[1]All เคลมน้ำท่วมรถยนต์'!$CV:$CV,"") -> อู่เอ็ม เซอร์วิส
A97: 96 | B97: งธ-5897 | C97: สงขลา | D97: SUZUKI | E97: Ertiga | F97: แดง | G97: 46045 | H97: ย้ายลาน | I97: ลาน3-สะพานสูงเทคโน(Motto) | J97: ลาน8-ไฟร์มเครสต์ | K97: 502-25-71-RMO-04145 | L97: 502-25-71-CMO-04086 | M97: =_xlfn.XLOOKUP(K97,'[1]All เคลมน้ำท่วมรถยนต์'!$C:$C,'[1]All เคลมน้ำท่วมรถยนต์'!$DC:$DC,"") -> อนุมัติคืนทุน | O97: =_xlfn.XLOOKUP(K97,'[1]All เคลมน้ำท่วมรถยนต์'!$C:$C,'[1]All เคลมน้ำท่วมรถยนต์'!$DD:$DD,"") -> จ่ายแล้ว/ ยกเลิก | P97: =_xlfn.XLOOKUP(K97,'[1]All เคลมน้ำท่วมรถยนต์'!$C:$C,'[1]All เคลมน้ำท่วมรถยนต์'!$CA:$CA,"") -> ประเภท1 | Q97: =_xlfn.XLOOKUP(K97,'[1]All เคลมน้ำท่วมรถยนต์'!$C:$C,'[1]All เคลมน้ำท่วมรถยนต์'!$BX:$BX,"") -> 460000 | R97: =_xlfn.XLOOKUP(K97,'[1]All เคลมน้ำท่วมรถยนต์'!$C:$C,'[1]All เคลมน้ำท่วมรถยนต์'!$CB:$CB,"") -> 460000 | S97: =_xlfn.XLOOKUP(L97,[2]รายการรถยนต์!$H:$H,[2]รายการรถยนต์!$J:$J,"") -> 174800 | Z97: =_xlfn.XLOOKUP(K97,'[1]All เคลมน้ำท่วมรถยนต์'!$C:$C,'[1]All เคลมน้ำท่วมรถยนต์'!$CS:$CS,"") -> 460000 | AA97: =_xlfn.XLOOKUP(K97,'[1]All เคลมน้ำท่วมรถยนต์'!$C:$C,'[1]All เคลมน้ำท่วมรถยนต์'!$CT:$CT,"") -> 46003 | AB97: =_xlfn.XLOOKUP(K97,'[1]All เคลมน้ำท่วมรถยนต์'!$C:$C,'[1]All เคลมน้ำท่วมรถยนต์'!$CV:$CV,"") -> นาย พลากร แสงเกิด
A98: 97 | B98: กท-4678 | C98: พัทลุง​ | D98: HONDA | E98: CIVIC | K98: 502-25-71-RMO-04146 | L98: 502-25-71-CMO-04088 | M98: =_xlfn.XLOOKUP(K98,'[1]All เคลมน้ำท่วมรถยนต์'!$C:$C,'[1]All เคลมน้ำท่วมรถยนต์'!$DC:$DC,"") -> อนุมัติ | O98: =_xlfn.XLOOKUP(K98,'[1]All เคลมน้ำท่วมรถยนต์'!$C:$C,'[1]All เคลมน้ำท่วมรถยนต์'!$DD:$DD,"") -> จ่ายแล้ว/ ยกเลิก | P98: =_xlfn.XLOOKUP(K98,'[1]All เคลมน้ำท่วมรถยนต์'!$C:$C,'[1]All เคลมน้ำท่วมรถยนต์'!$CA:$CA,"") -> ประเภท2+ | Q98: =_xlfn.XLOOKUP(K98,'[1]All เคลมน้ำท่วมรถยนต์'!$C:$C,'[1]All เคลมน้ำท่วมรถยนต์'!$BX:$BX,"") -> 200000 | R98: =_xlfn.XLOOKUP(K98,'[1]All เคลมน้ำท่วมรถยนต์'!$C:$C,'[1]All เคลมน้ำท่วมรถยนต์'!$CB:$CB,"") -> 50000 | S98: =_xlfn.XLOOKUP(L98,[2]รายการรถยนต์!$H:$H,[2]รายการรถยนต์!$J:$J,"") | Z98: =_xlfn.XLOOKUP(K98,'[1]All เคลมน้ำท่วมรถยนต์'!$C:$C,'[1]All เคลมน้ำท่วมรถยนต์'!$CS:$CS,"") -> 3800 | AA98: =_xlfn.XLOOKUP(K98,'[1]All เคลมน้ำท่วมรถยนต์'!$C:$C,'[1]All เคลมน้ำท่วมรถยนต์'!$CT:$CT,"") -> 46021 | AB98: =_xlfn.XLOOKUP(K98,'[1]All เคลมน้ำท่วมรถยนต์'!$C:$C,'[1]All เคลมน้ำท่วมรถยนต์'!$CV:$CV,"") -> นาย ฐานสัก ภิรมย์รักษ์
A99: 98 | B99: ขล-9096 | C99: สงขลา | D99: HONDA | E99: CITY | F99: ดำ | G99: 46045 | H99: ย้ายลาน | I99: ลาน3-สะพานสูงเทคโน(Motto) | J99: ลาน8-ไฟร์มเครสต์ | K99: 502-25-71-RMO-04147 | L99: 502-25-71-CMO-04090 | M99: =_xlfn.XLOOKUP(K99,'[1]All เคลมน้ำท่วมรถยนต์'!$C:$C,'[1]All เคลมน้ำท่วมรถยนต์'!$DC:$DC,"") -> อนุมัติคืนทุน | O99: =_xlfn.XLOOKUP(K99,'[1]All เคลมน้ำท่วมรถยนต์'!$C:$C,'[1]All เคลมน้ำท่วมรถยนต์'!$DD:$DD,"") -> จ่ายแล้ว/ ยกเลิก | P99: =_xlfn.XLOOKUP(K99,'[1]All เคลมน้ำท่วมรถยนต์'!$C:$C,'[1]All เคลมน้ำท่วมรถยนต์'!$CA:$CA,"") -> ประเภท1 | Q99: =_xlfn.XLOOKUP(K99,'[1]All เคลมน้ำท่วมรถยนต์'!$C:$C,'[1]All เคลมน้ำท่วมรถยนต์'!$BX:$BX,"") -> 340000 | R99: =_xlfn.XLOOKUP(K99,'[1]All เคลมน้ำท่วมรถยนต์'!$C:$C,'[1]All เคลมน้ำท่วมรถยนต์'!$CB:$CB,"") -> 340000 | S99: =_xlfn.XLOOKUP(L99,[2]รายการรถยนต์!$H:$H,[2]รายการรถยนต์!$J:$J,"") -> 129200 | Z99: =_xlfn.XLOOKUP(K99,'[1]All เคลมน้ำท่วมรถยนต์'!$C:$C,'[1]All เคลมน้ำท่วมรถยนต์'!$CS:$CS,"") -> 300000 | AA99: =_xlfn.XLOOKUP(K99,'[1]All เคลมน้ำท่วมรถยนต์'!$C:$C,'[1]All เคลมน้ำท่วมรถยนต์'!$CT:$CT,"") -> 46021 | AB99: =_xlfn.XLOOKUP(K99,'[1]All เคลมน้ำท่วมรถยนต์'!$C:$C,'[1]All เคลมน้ำท่วมรถยนต์'!$CV:$CV,"") -> นางสาว อรวรรณ แซ่ติ้ว
A100: 99 | B100: ขษ-8046 | C100: สงขลา | D100: TOYOTA | E100: COROLLA | H100: ซ่อม | K100: 504-25-71-RMO-01849 | L100: 504-25-71-CMO-01812 | M100: =_xlfn.XLOOKUP(K100,'[1]All เคลมน้ำท่วมรถยนต์'!$C:$C,'[1]All เคลมน้ำท่วมรถยนต์'!$DC:$DC,"") -> เข้าซ่อม | O100: =_xlfn.XLOOKUP(K100,'[1]All เคลมน้ำท่วมรถยนต์'!$C:$C,'[1]All เคลมน้ำท่วมรถยนต์'!$DD:$DD,"") -> จ่ายแล้ว/ ยกเลิก | P100: =_xlfn.XLOOKUP(K100,'[1]All เคลมน้ำท่วมรถยนต์'!$C:$C,'[1]All เคลมน้ำท่วมรถยนต์'!$CA:$CA,"") -> ประเภท1 | Q100: =_xlfn.XLOOKUP(K100,'[1]All เคลมน้ำท่วมรถยนต์'!$C:$C,'[1]All เคลมน้ำท่วมรถยนต์'!$BX:$BX,"") -> 530000 | R100: =_xlfn.XLOOKUP(K100,'[1]All เคลมน้ำท่วมรถยนต์'!$C:$C,'[1]All เคลมน้ำท่วมรถยนต์'!$CB:$CB,"") -> 50000 | S100: =_xlfn.XLOOKUP(L100,[2]รายการรถยนต์!$H:$H,[2]รายการรถยนต์!$J:$J,"") | Z100: =_xlfn.XLOOKUP(K100,'[1]All เคลมน้ำท่วมรถยนต์'!$C:$C,'[1]All เคลมน้ำท่วมรถยนต์'!$CS:$CS,"") -> 47427.82 | AA100: =_xlfn.XLOOKUP(K100,'[1]All เคลมน้ำท่วมรถยนต์'!$C:$C,'[1]All เคลมน้ำท่วมรถยนต์'!$CT:$CT,"") -> 46031 | AB100: =_xlfn.XLOOKUP(K100,'[1]All เคลมน้ำท่วมรถยนต์'!$C:$C,'[1]All เคลมน้ำท่วมรถยนต์'!$CV:$CV,"") -> ห.จ.ก. ไตรมิตรยนต์คาร์แคร์ นครศรีฯ
...

Sheet Sheet2
A1: เข้าใหม่ | B1: ส่งเข้าลานประมูล
A2: ย้ายลาน | B2: อนุมัติขายซาก
A3: ขายออก | B3: รับโอนเงินค่าซาก
